,policyID,statecode,county,eq_site_limit,hu_site_limit,fl_site_limit,fr_site_limit,tiv_2011,tiv_2012,eq_site_deductible,hu_site_deductible,fl_site_deductible,fr_site_deductible,point_latitude,point_longitude,line,construction,point_granularity
0,119736,FL,CLAY COUNTY,498960.0,498960.0,498960.0,498960.0,498960.0,792148.9,0,9979.2,0,0,30.102261,-81.711777,Residential,Masonry,1
1,448094,FL,CLAY COUNTY,1322376.3,1322376.3,1322376.3,1322376.3,1322376.3,1438163.57,0,0.0,0,0,30.063935999999998,-81.70766400000001,Residential,Masonry,3
2,206893,FL,CLAY COUNTY,190724.4,190724.4,190724.4,190724.4,190724.4,192476.78,0,0.0,0,0,30.089578999999997,-81.700455,Residential,Wood,1
3,333743,FL,CLAY COUNTY,0.0,79520.76,0.0,0.0,79520.76,86854.48,0,0.0,0,0,30.063236,-81.70770300000001,Residential,Wood,3
4,172534,FL,CLAY COUNTY,0.0,254281.5,0.0,254281.5,254281.5,246144.49,0,0.0,0,0,30.060614,-81.702675,Residential,Wood,1
5,785275,FL,CLAY COUNTY,0.0,515035.62,0.0,0.0,515035.62,884419.17,0,0.0,0,0,30.063236,-81.70770300000001,Residential,Masonry,3
6,995932,FL,CLAY COUNTY,0.0,19260000.0,0.0,0.0,19260000.0,20610000.0,0,0.0,0,0,30.102226,-81.713882,Commercial,Reinforced Concrete,1
7,223488,FL,CLAY COUNTY,328500.0,328500.0,328500.0,328500.0,328500.0,348374.25,0,16425.0,0,0,30.102217,-81.707146,Residential,Wood,1
8,433512,FL,CLAY COUNTY,315000.0,315000.0,315000.0,315000.0,315000.0,265821.57,0,15750.0,0,0,30.118774,-81.704613,Residential,Wood,1
9,142071,FL,CLAY COUNTY,705600.0,705600.0,705600.0,705600.0,705600.0,1010842.56,14112,35280.0,0,0,30.100628000000004,-81.703751,Residential,Masonry,1
10,253816,FL,CLAY COUNTY,831498.3,831498.3,831498.3,831498.3,831498.3,1117791.48,0,0.0,0,0,30.102159999999998,-81.719444,Residential,Masonry,1
11,894922,FL,CLAY COUNTY,0.0,24059.09,0.0,0.0,24059.09,33952.19,0,0.0,0,0,30.095957000000002,-81.695099,Residential,Wood,1
12,422834,FL,CLAY COUNTY,0.0,48115.94,0.0,0.0,48115.94,66755.39,0,0.0,0,0,30.100073,-81.739822,Residential,Wood,1
13,582721,FL,CLAY COUNTY,0.0,28869.12,0.0,0.0,28869.12,42826.99,0,0.0,0,0,30.09248,-81.725167,Residential,Wood,1
14,842700,FL,CLAY COUNTY,0.0,56135.64,0.0,0.0,56135.64,50656.8,0,0.0,0,0,30.101356,-81.726248,Residential,Wood,1
15,874333,FL,CLAY COUNTY,0.0,48115.94,0.0,0.0,48115.94,67905.07,0,0.0,0,0,30.113743,-81.727463,Residential,Wood,1
16,580146,FL,CLAY COUNTY,0.0,48115.94,0.0,0.0,48115.94,66938.9,0,0.0,0,0,30.121655,-81.732391,Residential,Wood,3
17,456149,FL,CLAY COUNTY,0.0,80192.49,0.0,0.0,80192.49,86421.04,0,0.0,0,0,30.109537,-81.741661,Residential,Wood,1
18,767862,FL,CLAY COUNTY,0.0,48115.94,0.0,0.0,48115.94,73798.5,0,0.0,0,0,30.118240000000004,-81.745335,Residential,Wood,3
19,353022,FL,CLAY COUNTY,0.0,60946.79,0.0,0.0,60946.79,62467.29,0,0.0,0,0,30.065799,-81.717416,Residential,Wood,1
20,367814,FL,CLAY COUNTY,0.0,28869.12,0.0,0.0,28869.12,42727.74,0,0.0,0,0,30.082993,-81.710581,Residential,Wood,1
21,671392,FL,CLAY COUNTY,0.0,13410000.0,0.0,0.0,13410000.0,11700000.0,0,0.0,0,0,30.091921000000003,-81.711929,Commercial,Reinforced Concrete,3
22,772887,FL,CLAY COUNTY,0.0,1669113.93,0.0,0.0,1669113.93,2099127.76,0,0.0,0,0,30.117352,-81.711884,Residential,Masonry,1
23,983122,FL,CLAY COUNTY,0.0,179562.23,0.0,0.0,179562.23,211372.57,0,0.0,0,0,30.095783,-81.713181,Residential,Wood,3
24,934215,FL,CLAY COUNTY,0.0,177744.16,0.0,0.0,177744.16,157171.16,0,0.0,0,0,30.110518,-81.727478,Residential,Wood,1
25,385951,FL,CLAY COUNTY,0.0,17757.58,0.0,0.0,17757.58,16948.72,0,0.0,0,0,30.10288,-81.70571899999999,Residential,Wood,1
26,716332,FL,CLAY COUNTY,0.0,130129.87,0.0,0.0,130129.87,101758.43,0,0.0,0,0,30.068468,-81.71624,Residential,Wood,1
27,751262,FL,CLAY COUNTY,0.0,42854.77,0.0,0.0,42854.77,63592.88,0,0.0,0,0,30.068468,-81.71624,Residential,Wood,1
28,633663,FL,CLAY COUNTY,0.0,785.58,0.0,0.0,785.58,662.18,0,0.0,0,0,30.068468,-81.71624,Residential,Wood,1
29,105851,FL,CLAY COUNTY,0.0,170361.91,0.0,0.0,170361.91,177176.38,0,0.0,0,0,30.068468,-81.71624,Residential,Wood,1
30,710400,FL,CLAY COUNTY,0.0,1430.89,0.0,0.0,1430.89,1861.41,0,0.0,0,0,30.068468,-81.71624,Residential,Wood,1
31,703001,FL,CLAY COUNTY,0.0,129913.27,0.0,0.0,129913.27,101692.86,0,0.0,0,0,30.079784999999998,-81.70686500000001,Residential,Wood,4
32,352792,FL,CLAY COUNTY,0.0,366285.62,0.0,0.0,366285.62,507164.19,0,0.0,0,0,30.08012,-81.718452,Residential,Masonry,1
33,717603,FL,CLAY COUNTY,0.0,22512.61,0.0,0.0,22512.61,28637.17,0,0.0,0,0,30.08012,-81.718452,Residential,Wood,1
34,937659,FL,SUWANNEE COUNTY,0.0,9246.6,0.0,9246.6,9246.6,10880.22,0,0.0,0,0,29.959805,-82.926659,Residential,Wood,3
35,294022,FL,SUWANNEE COUNTY,0.0,96164.64,0.0,0.0,96164.64,69357.78,0,0.0,0,0,29.959805,-82.926659,Residential,Wood,3
36,410500,FL,SUWANNEE COUNTY,0.0,11095.92,0.0,0.0,11095.92,12737.89,0,0.0,0,0,29.959805,-82.926659,Residential,Wood,3
37,524433,FL,SUWANNEE COUNTY,218475.0,218475.0,218475.0,218475.0,218475.0,199030.29,0,4369.5,0,0,29.962601,-82.92615500000001,Residential,Wood,3
38,779298,FL,SUWANNEE COUNTY,1400904.0,1400904.0,1400904.0,1400904.0,1400904.0,1772984.1,0,0.0,0,0,29.962601,-82.92615500000001,Residential,Masonry,3
39,491831,FL,SUWANNEE COUNTY,4365.0,4365.0,4365.0,4365.0,4365.0,4438.05,0,87.3,0,0,29.962601,-82.92615500000001,Residential,Wood,3
40,814637,FL,SUWANNEE COUNTY,4365.0,4365.0,4365.0,4365.0,4365.0,6095.72,0,87.3,0,0,29.962601,-82.92615500000001,Residential,Wood,3
41,737515,FL,SUWANNEE COUNTY,39789.0,39789.0,39789.0,39789.0,39789.0,58106.58,0,0.0,0,0,29.962601,-82.92615500000001,Residential,Wood,3
42,222653,FL,SUWANNEE COUNTY,24867.0,24867.0,24867.0,24867.0,24867.0,18969.79,0,0.0,0,0,29.962601,-82.92615500000001,Residential,Wood,3
43,788543,FL,SUWANNEE COUNTY,213876.0,213876.0,213876.0,213876.0,213876.0,261435.18,0,0.0,0,0,29.962601,-82.92615500000001,Residential,Wood,3
44,691681,FL,SUWANNEE COUNTY,69435.0,69435.0,69435.0,69435.0,69435.0,93674.34,0,1388.7,0,0,29.960734999999996,-82.92541999999999,Residential,Wood,3
45,368807,FL,SUWANNEE COUNTY,14922.0,14922.0,14922.0,14922.0,14922.0,12333.03,0,0.0,0,0,29.960734999999996,-82.92541999999999,Residential,Wood,3
46,174002,FL,SUWANNEE COUNTY,165546.0,165546.0,165546.0,165546.0,165546.0,239134.51,0,0.0,0,0,29.963396000000003,-82.916763,Residential,Wood,1
47,198760,FL,SUWANNEE COUNTY,72837.0,72837.0,72837.0,72837.0,72837.0,86637.86,0,0.0,0,0,29.963396000000003,-82.916763,Residential,Wood,1
48,831395,FL,SUWANNEE COUNTY,72837.0,72837.0,72837.0,72837.0,72837.0,98147.86,0,0.0,0,0,29.963396000000003,-82.916763,Residential,Wood,1
49,305698,FL,SUWANNEE COUNTY,19440.0,19440.0,19440.0,19440.0,19440.0,30658.59,0,388.8,0,0,29.963396000000003,-82.916763,Residential,Wood,1
50,515722,FL,SUWANNEE COUNTY,9945.0,9945.0,9945.0,9945.0,9945.0,11551.12,0,198.9,0,0,29.963396000000003,-82.916763,Residential,Wood,1
51,415582,FL,SUWANNEE COUNTY,0.0,255878.61,0.0,0.0,255878.61,345894.66,0,0.0,0,0,29.958415000000002,-82.92394,Residential,Wood,3
52,783533,FL,SUWANNEE COUNTY,0.0,153527.17,0.0,0.0,153527.17,138228.8,0,0.0,0,0,29.9696,-82.92766999999999,Residential,Wood,4
53,640802,FL,SUWANNEE COUNTY,0.0,255878.61,0.0,0.0,255878.61,177339.74,0,0.0,0,0,29.959404,-82.927582,Residential,Wood,1
54,403866,FL,SUWANNEE COUNTY,0.0,102351.45,0.0,0.0,102351.45,95132.8,0,0.0,0,0,29.958903999999997,-82.922729,Residential,Wood,3
55,828788,FL,SUWANNEE COUNTY,0.0,155489.66,0.0,0.0,155489.66,145139.65,0,0.0,0,0,29.95822,-82.92242399999999,Residential,Wood,1
56,751490,FL,SUWANNEE COUNTY,0.0,137233.8,0.0,0.0,137233.8,114919.58,0,0.0,0,0,29.965832000000002,-82.933777,Residential,Wood,4
57,972562,FL,SUWANNEE COUNTY,0.0,123596.05,0.0,0.0,123596.05,183015.09,0,0.0,0,0,29.965721000000002,-82.933777,Residential,Wood,4
58,367541,FL,SUWANNEE COUNTY,0.0,107111.11,0.0,0.0,107111.11,88218.85,0,0.0,0,0,29.965716999999998,-82.933777,Residential,Wood,4
59,481360,FL,SUWANNEE COUNTY,0.0,96309.32,0.0,0.0,96309.32,85911.0,0,0.0,0,0,29.95775,-82.923635,Residential,Wood,3
60,920232,FL,NASSAU COUNTY,0.0,104031.7,0.0,0.0,104031.7,168443.97,0,0.0,0,0,30.394309999999997,-81.93397,Residential,Wood,1
61,727659,FL,NASSAU COUNTY,338944.5,338944.5,338944.5,338944.5,338944.5,485816.61,0,0.0,0,0,30.56267,-81.83042900000001,Residential,Wood,1
62,471817,FL,NASSAU COUNTY,272349.0,272349.0,272349.0,272349.0,272349.0,414565.56,0,0.0,0,0,30.56267,-81.83042900000001,Residential,Wood,1
63,983043,FL,NASSAU COUNTY,129690.0,129690.0,129690.0,129690.0,129690.0,129635.53,0,0.0,0,0,30.561651,-81.83019300000001,Residential,Wood,1
64,578286,FL,NASSAU COUNTY,123210.0,123210.0,123210.0,123210.0,123210.0,120345.61,0,0.0,0,0,30.56267,-81.83042900000001,Residential,Wood,1
65,347276,FL,NASSAU COUNTY,0.0,3698.64,0.0,0.0,3698.64,3939.13,0,0.0,0,0,30.561059999999998,-81.82632,Residential,Wood,3
66,477786,FL,NASSAU COUNTY,2115760.5,2115760.5,0.0,0.0,2115760.5,3057739.39,0,0.0,0,0,30.5579,-81.8249,Commercial,Reinforced Masonry,4
67,265907,FL,NASSAU COUNTY,0.0,93548.58,0.0,0.0,93548.58,118401.07,0,0.0,0,0,30.561059999999998,-81.82632,Residential,Wood,3
68,107560,FL,NASSAU COUNTY,0.0,1037311.14,0.0,0.0,1037311.14,1487255.23,0,0.0,0,0,30.561059999999998,-81.82632,Residential,Masonry,3
69,908183,FL,NASSAU COUNTY,0.0,15463.3,0.0,0.0,15463.3,11825.56,0,0.0,0,0,30.57185,-81.82383,Residential,Wood,3
70,356024,FL,NASSAU COUNTY,0.0,13893.35,0.0,0.0,13893.35,13988.5,0,0.0,0,0,30.562834999999996,-81.826525,Residential,Wood,3
71,575299,FL,NASSAU COUNTY,0.0,316618.23,0.0,0.0,316618.23,230328.99,0,0.0,0,0,30.567565999999996,-81.826584,Residential,Wood,1
72,790478,FL,NASSAU COUNTY,0.0,54834.66,0.0,0.0,54834.66,63053.72,0,0.0,0,0,30.60895,-81.83645,Residential,Wood,3
73,801776,FL,NASSAU COUNTY,0.0,295269.11,0.0,0.0,295269.11,488965.65,0,0.0,0,0,30.59925,-81.81973,Residential,Wood,1
74,291781,FL,NASSAU COUNTY,0.0,723734.17,0.0,0.0,723734.17,955908.09,0,0.0,0,0,30.53674,-81.77496,Residential,Masonry,3
75,537286,FL,NASSAU COUNTY,0.0,1741572.0,0.0,1741572.0,1741572.0,1455184.42,0,0.0,0,0,30.555161,-81.825684,Residential,Masonry,1
76,289305,FL,COLUMBIA COUNTY,135450.0,135450.0,135450.0,135450.0,135450.0,164978.1,0,0.0,0,0,30.105968,-82.66226999999999,Residential,Wood,4
77,697409,FL,COLUMBIA COUNTY,60300.0,60300.0,60300.0,60300.0,60300.0,77678.46,0,0.0,0,0,30.1018,-82.7094,Residential,Wood,1
78,633944,FL,COLUMBIA COUNTY,22500.0,22500.0,22500.0,22500.0,22500.0,19501.76,0,0.0,0,0,30.1018,-82.7094,Residential,Wood,4
79,963511,FL,COLUMBIA COUNTY,0.0,34212.42,0.0,0.0,34212.42,33250.37,0,0.0,0,0,30.1018,-82.7094,Residential,Wood,4
80,729649,FL,COLUMBIA COUNTY,0.0,460128.2,0.0,0.0,460128.2,626142.46,0,0.0,0,0,30.1653,-82.73404000000001,Residential,Masonry,1
81,862584,FL,COLUMBIA COUNTY,0.0,32169.69,0.0,0.0,32169.69,37291.11,0,0.0,0,0,30.1018,-82.7094,Residential,Wood,4
82,371891,FL,COLUMBIA COUNTY,0.0,50550.75,0.0,0.0,50550.75,49526.38,0,0.0,0,0,30.173990000000003,-82.57016999999999,Residential,Wood,4
83,785595,FL,COLUMBIA COUNTY,42300.0,42300.0,42300.0,42300.0,42300.0,53762.62,0,0.0,0,0,30.1515,-82.6126,Residential,Wood,3
84,567696,FL,COLUMBIA COUNTY,0.0,10171.26,0.0,0.0,10171.26,16798.29,0,0.0,0,0,30.16269,-82.64,Residential,Wood,4
85,219025,FL,COLUMBIA COUNTY,0.0,155342.88,0.0,0.0,155342.88,176189.89,0,0.0,0,0,30.16269,-82.64,Residential,Wood,4
86,447216,FL,COLUMBIA COUNTY,0.0,3698.64,0.0,0.0,3698.64,4424.48,0,0.0,0,0,30.16269,-82.64,Residential,Wood,4
87,305141,FL,COLUMBIA COUNTY,0.0,4623.3,0.0,4623.3,4623.3,4525.86,0,0.0,0,0,30.16269,-82.64,Residential,Wood,4
88,625575,FL,COLUMBIA COUNTY,0.0,33287.76,0.0,0.0,33287.76,27375.62,0,0.0,0,0,30.16269,-82.64,Residential,Wood,4
89,262109,FL,COLUMBIA COUNTY,0.0,21267.18,0.0,0.0,21267.18,24840.49,0,0.0,0,0,30.163641,-82.640976,Residential,Wood,1
90,228457,FL,COLUMBIA COUNTY,0.0,729556.74,0.0,0.0,729556.74,889825.76,0,0.0,0,0,30.163641,-82.640976,Residential,Masonry,1
91,622799,FL,COLUMBIA COUNTY,0.0,350446.14,0.0,0.0,350446.14,438049.26,0,0.0,0,0,30.163641,-82.640976,Residential,Wood,1
92,233271,FL,COLUMBIA COUNTY,0.0,2135964.6,0.0,2135964.6,2135964.6,1728721.59,0,0.0,0,0,30.163641,-82.640976,Commercial,Reinforced Masonry,1
93,932950,FL,COLUMBIA COUNTY,0.0,4623.3,0.0,4623.3,4623.3,4782.1,0,0.0,0,0,30.163641,-82.640976,Residential,Wood,1
94,641952,FL,COLUMBIA COUNTY,0.0,2469639.6,0.0,2469639.6,2469639.6,2708463.63,0,0.0,0,0,30.1515,-82.6126,Commercial,Reinforced Masonry,4
95,796260,FL,COLUMBIA COUNTY,0.0,914073.3,0.0,914073.3,914073.3,1296439.3,0,0.0,0,0,30.1515,-82.6126,Residential,Masonry,4
96,301822,FL,COLUMBIA COUNTY,0.0,3042940.5,0.0,3042940.5,3042940.5,3181868.99,0,0.0,0,0,30.1515,-82.6126,Commercial,Reinforced Masonry,4
97,559927,FL,COLUMBIA COUNTY,0.0,234997.65,0.0,0.0,234997.65,255975.89,0,0.0,0,0,30.1515,-82.6126,Residential,Wood,4
98,224400,FL,COLUMBIA COUNTY,0.0,912600.0,0.0,912600.0,912600.0,1147247.71,0,0.0,0,0,30.1515,-82.6126,Residential,Masonry,4
99,123936,FL,COLUMBIA COUNTY,0.0,1920744.9,0.0,1920744.9,1920744.9,2837762.3,0,0.0,0,0,30.1515,-82.6126,Commercial,Reinforced Masonry,4
100,333818,FL,COLUMBIA COUNTY,0.0,455754.6,0.0,455754.6,455754.6,696809.59,0,0.0,0,0,30.1515,-82.6126,Residential,Masonry,4
101,254323,FL,COLUMBIA COUNTY,0.0,1552693.95,0.0,0.0,1552693.95,1552594.58,0,0.0,0,0,30.1515,-82.6126,Residential,Masonry,4
102,247444,FL,COLUMBIA COUNTY,0.0,8910.0,0.0,8910.0,8910.0,13521.83,0,0.0,0,0,30.1515,-82.6126,Residential,Wood,4
103,882598,FL,COLUMBIA COUNTY,0.0,398968.2,0.0,398968.2,398968.2,424087.24,0,0.0,0,0,30.1515,-82.6126,Residential,Masonry,4
104,386918,FL,COLUMBIA COUNTY,0.0,4500.0,0.0,4500.0,4500.0,4238.41,0,0.0,0,0,30.1515,-82.6126,Residential,Wood,4
105,497337,FL,COLUMBIA COUNTY,0.0,31071.6,0.0,31071.6,31071.6,57802.5,0,0.0,0,0,30.1515,-82.6126,Residential,Wood,4
106,526844,FL,COLUMBIA COUNTY,0.0,4956125.85,0.0,0.0,4956125.85,7279557.65,0,0.0,0,0,30.1515,-82.6126,Commercial,Reinforced Masonry,4
107,623400,FL,COLUMBIA COUNTY,0.0,40500.0,0.0,40500.0,40500.0,34160.94,0,0.0,0,0,30.1515,-82.6126,Residential,Wood,4
108,826170,FL,COLUMBIA COUNTY,0.0,135868.99,0.0,0.0,135868.99,234280.26,0,0.0,0,0,30.185885,-82.614795,Residential,Wood,1
109,185483,FL,COLUMBIA COUNTY,0.0,36784.23,0.0,0.0,36784.23,58447.64,0,0.0,0,0,30.185885,-82.614795,Residential,Wood,1
110,920003,FL,COLUMBIA COUNTY,0.0,1086940.9,0.0,0.0,1086940.9,1770235.43,0,0.0,0,0,30.185885,-82.614795,Residential,Masonry,1
111,274246,FL,COLUMBIA COUNTY,0.0,16767.17,0.0,0.0,16767.17,17228.6,0,0.0,0,0,30.166490000000003,-82.63503,Residential,Wood,1
112,423636,FL,COLUMBIA COUNTY,0.0,1404900.0,0.0,1404900.0,1404900.0,1840643.78,0,42147.0,0,0,30.176,-82.65581,Residential,Masonry,1
113,970906,FL,COLUMBIA COUNTY,0.0,4696520.5,0.0,0.0,4696520.5,6342697.9,0,0.0,450000,0,30.00777,-82.59694,Commercial,Reinforced Masonry,3
114,227898,FL,COLUMBIA COUNTY,0.0,67892.48,0.0,0.0,67892.48,86628.09,0,0.0,0,0,30.17509,-82.66252,Residential,Wood,1
115,525138,FL,COLUMBIA COUNTY,0.0,86056.32,0.0,0.0,86056.32,125938.17,0,0.0,0,0,30.175009999999997,-82.66205,Residential,Wood,1
116,923627,FL,COLUMBIA COUNTY,0.0,67892.48,0.0,0.0,67892.48,64169.8,0,0.0,0,0,30.174776,-82.662277,Residential,Wood,1
117,619743,FL,COLUMBIA COUNTY,0.0,67892.48,0.0,0.0,67892.48,80898.23,0,0.0,0,0,30.17476,-82.66251,Residential,Wood,1
118,910727,FL,COLUMBIA COUNTY,0.0,86056.32,0.0,0.0,86056.32,91244.65,0,0.0,0,0,30.1745,-82.66205,Residential,Wood,1
119,363647,FL,COLUMBIA COUNTY,0.0,67892.48,0.0,0.0,67892.48,92333.77,0,0.0,0,0,30.17447,-82.66251,Residential,Wood,1
120,512519,FL,COLUMBIA COUNTY,0.0,101009.36,0.0,0.0,101009.36,98181.1,0,0.0,0,0,30.17417,-82.66218,Residential,Wood,1
121,904304,FL,COLUMBIA COUNTY,0.0,67892.48,0.0,0.0,67892.48,66272.56,0,0.0,0,0,30.174509999999998,-82.66351,Residential,Wood,1
122,835349,FL,COLUMBIA COUNTY,0.0,67892.48,0.0,0.0,67892.48,99945.87,0,0.0,0,0,30.17475,-82.66314,Residential,Wood,1
123,891725,FL,COLUMBIA COUNTY,0.0,86056.32,0.0,0.0,86056.32,139415.11,0,0.0,0,0,30.175140000000003,-82.66341,Residential,Wood,1
124,923503,FL,COLUMBIA COUNTY,0.0,86056.32,0.0,0.0,86056.32,106664.4,0,0.0,0,0,30.174740000000003,-82.66348,Residential,Wood,1
125,292347,FL,COLUMBIA COUNTY,0.0,132603.34,0.0,0.0,132603.34,115117.07,0,0.0,0,0,30.176640000000003,-82.66314,Residential,Wood,3
126,363828,FL,COLUMBIA COUNTY,0.0,132603.34,0.0,0.0,132603.34,216561.94,0,0.0,0,0,30.176379999999998,-82.66314,Residential,Wood,3
127,110490,FL,COLUMBIA COUNTY,0.0,91764.15,0.0,0.0,91764.15,70364.02,0,0.0,0,0,30.17623,-82.66405999999999,Residential,Wood,3
128,480733,FL,COLUMBIA COUNTY,0.0,457854.5,0.0,0.0,457854.5,345588.57,0,0.0,0,0,30.17698,-82.67019,Residential,Masonry,4
129,993346,FL,COLUMBIA COUNTY,0.0,385480.82,0.0,0.0,385480.82,558330.42,0,0.0,0,0,30.174485999999998,-82.67132600000001,Residential,Masonry,4
130,934992,FL,ST  JOHNS COUNTY,0.0,213596.46,0.0,0.0,213596.46,190329.82,0,0.0,0,0,29.7917,-81.4271,Residential,Wood,4
131,645841,FL,ST  JOHNS COUNTY,0.0,1051338.42,0.0,0.0,1051338.42,1069841.98,0,0.0,0,0,29.7917,-81.4271,Residential,Masonry,4
132,747846,FL,ST  JOHNS COUNTY,0.0,6472.62,0.0,0.0,6472.62,9957.87,0,0.0,0,0,29.7917,-81.4271,Residential,Wood,4
133,482457,FL,ST  JOHNS COUNTY,0.0,159041.52,0.0,0.0,159041.52,249984.64,0,0.0,0,0,29.776566,-81.47171,Residential,Wood,1
134,574787,FL,ST  JOHNS COUNTY,0.0,12945.24,0.0,0.0,12945.24,19024.97,0,0.0,0,0,29.776566,-81.47171,Residential,Wood,1
135,831418,FL,ST  JOHNS COUNTY,0.0,29589.12,0.0,0.0,29589.12,35207.53,0,0.0,0,0,29.776566,-81.47171,Residential,Wood,1
136,968562,FL,ST  JOHNS COUNTY,0.0,12945.24,0.0,0.0,12945.24,16859.05,0,0.0,0,0,29.776566,-81.47171,Residential,Wood,1
137,576324,FL,ST  JOHNS COUNTY,29061.0,29061.0,29061.0,29061.0,29061.0,40749.33,0,0.0,0,0,29.7255,-81.466309,Residential,Wood,1
138,290435,FL,ST  JOHNS COUNTY,48087.0,48087.0,48087.0,48087.0,48087.0,68008.1,0,0.0,0,0,29.7255,-81.466309,Residential,Wood,1
139,526086,FL,ST  JOHNS COUNTY,128628.0,128628.0,128628.0,128628.0,128628.0,133425.18,0,0.0,0,0,29.7255,-81.466309,Residential,Wood,1
140,119823,FL,ST  JOHNS COUNTY,128628.0,128628.0,128628.0,128628.0,128628.0,168246.71,0,0.0,0,0,29.7255,-81.466309,Residential,Wood,1
141,497414,FL,ST  JOHNS COUNTY,128628.0,128628.0,128628.0,128628.0,128628.0,176279.14,0,0.0,0,0,29.7255,-81.466309,Residential,Wood,1
142,340883,FL,ST  JOHNS COUNTY,4968.0,4968.0,4968.0,4968.0,4968.0,5265.92,0,0.0,0,0,29.7255,-81.466309,Residential,Wood,1
143,892551,FL,ST  JOHNS COUNTY,157005.0,157005.0,157005.0,157005.0,157005.0,131774.3,0,3140.1,0,0,29.7255,-81.466309,Residential,Wood,1
144,670595,FL,ST  JOHNS COUNTY,459.0,459.0,459.0,459.0,459.0,847.36,0,0.0,0,0,29.7255,-81.466309,Residential,Wood,1
145,194101,FL,ST  JOHNS COUNTY,459.0,459.0,459.0,459.0,459.0,428.69,0,0.0,0,0,29.7255,-81.466309,Residential,Wood,1
146,167200,FL,ST  JOHNS COUNTY,1062.0,1062.0,1062.0,1062.0,1062.0,1602.72,0,0.0,0,0,29.7255,-81.466309,Residential,Wood,1
147,139064,FL,ST  JOHNS COUNTY,2304.0,2304.0,2304.0,2304.0,2304.0,2474.16,0,0.0,0,0,29.7255,-81.466309,Residential,Wood,1
148,846636,FL,ST  JOHNS COUNTY,1476.0,1476.0,1476.0,1476.0,1476.0,1935.04,0,0.0,0,0,29.7255,-81.466309,Residential,Wood,1
149,310177,FL,NASSAU COUNTY,185040.0,185040.0,185040.0,185040.0,185040.0,313975.87,0,0.0,0,0,30.573320000000002,-81.45291,Residential,Wood,1
150,865452,FL,NASSAU COUNTY,0.0,11095.92,0.0,0.0,11095.92,11961.62,0,0.0,0,0,30.674640000000004,-81.46114,Residential,Wood,3
151,783429,FL,NASSAU COUNTY,0.0,8321.94,0.0,0.0,8321.94,9646.79,0,0.0,0,0,30.674640000000004,-81.46114,Residential,Wood,3
152,878060,FL,NASSAU COUNTY,0.0,199726.56,0.0,0.0,199726.56,277743.75,0,0.0,0,0,30.674229999999998,-81.46051999999999,Residential,Wood,1
153,935342,FL,NASSAU COUNTY,0.0,118356.48,0.0,0.0,118356.48,182860.76,0,0.0,0,0,30.674229999999998,-81.46051999999999,Residential,Wood,1
154,456376,FL,NASSAU COUNTY,0.0,17568.54,0.0,0.0,17568.54,29936.79,0,0.0,0,0,30.674229999999998,-81.46051999999999,Residential,Wood,1
155,363001,FL,NASSAU COUNTY,0.0,147945.6,0.0,147945.6,147945.6,238338.59,0,0.0,0,0,30.674529999999997,-81.46016,Residential,Wood,1
156,478864,FL,NASSAU COUNTY,0.0,724933.44,0.0,0.0,724933.44,767347.85,0,0.0,0,0,30.67513,-81.44708,Residential,Masonry,1
157,600402,FL,NASSAU COUNTY,0.0,8284485.6,0.0,0.0,8284485.6,8073943.68,0,0.0,0,0,30.64687,-81.45801,Commercial,Reinforced Masonry,1
158,483983,FL,NASSAU COUNTY,438498.0,438498.0,0.0,0.0,438498.0,636264.11,0,0.0,0,0,30.650143,-81.45440699999999,Residential,Masonry,1
159,991615,FL,NASSAU COUNTY,0.0,99960.9,0.0,0.0,99960.9,88679.21,0,0.0,0,0,30.6202,-81.4719,Residential,Wood,4
160,644573,FL,NASSAU COUNTY,0.0,669692.78,0.0,0.0,669692.78,841130.78,0,0.0,0,0,30.576765,-81.453979,Residential,Masonry,1
161,853278,FL,NASSAU COUNTY,0.0,240539.39,0.0,0.0,240539.39,412765.59,0,0.0,0,0,30.576765,-81.453979,Residential,Wood,1
162,100658,FL,NASSAU COUNTY,0.0,331518.28,0.0,0.0,331518.28,464703.76,0,0.0,0,0,30.6202,-81.4719,Residential,Wood,4
163,433115,FL,NASSAU COUNTY,0.0,5919.86,0.0,0.0,5919.86,9839.94,0,0.0,0,0,30.576765,-81.453979,Residential,Wood,1
164,760337,FL,NASSAU COUNTY,0.0,77426.73,0.0,0.0,77426.73,73196.13,0,0.0,0,0,30.61988,-81.46815,Residential,Wood,1
165,884738,FL,NASSAU COUNTY,0.0,765763.8,0.0,0.0,765763.8,735948.78,0,0.0,0,0,30.576765,-81.453979,Residential,Masonry,1
166,610102,FL,NASSAU COUNTY,0.0,7532014.45,0.0,0.0,7532014.45,10710000.0,0,0.0,0,0,30.671095,-81.462097,Commercial,Reinforced Masonry,1
167,830823,FL,NASSAU COUNTY,0.0,963962.79,0.0,0.0,963962.79,977226.92,0,0.0,0,0,30.67,-81.462,Residential,Masonry,3
168,618364,FL,NASSAU COUNTY,0.0,121066.57,0.0,0.0,121066.57,115414.7,0,0.0,0,0,30.596535,-81.546837,Residential,Wood,1
169,712563,FL,NASSAU COUNTY,0.0,70964.84,0.0,0.0,70964.84,72362.85,0,0.0,0,0,30.596535,-81.546837,Residential,Wood,1
170,493030,FL,NASSAU COUNTY,0.0,755749.0,0.0,0.0,755749.0,658571.77,0,0.0,0,0,30.573259999999998,-81.45366999999999,Residential,Masonry,1
171,188150,FL,NASSAU COUNTY,0.0,2162232.0,0.0,2162232.0,2162232.0,2520816.55,0,0.0,0,0,30.65372,-81.45105,Commercial,Reinforced Masonry,1
172,589642,FL,NASSAU COUNTY,0.0,615141.68,0.0,0.0,615141.68,895926.17,0,0.0,0,0,30.63945,-81.45555300000001,Residential,Masonry,1
173,846109,FL,NASSAU COUNTY,0.0,135000.0,0.0,135000.0,135000.0,138827.52,0,4050.0,0,0,30.570326,-81.451576,Residential,Wood,3
174,399079,FL,NASSAU COUNTY,0.0,161748.0,0.0,161748.0,161748.0,235301.93,0,0.0,0,0,30.5708,-81.44959,Residential,Wood,1
175,680135,FL,NASSAU COUNTY,0.0,164484.0,0.0,164484.0,164484.0,194814.85,0,0.0,0,0,30.5708,-81.44959,Residential,Wood,1
176,621379,FL,NASSAU COUNTY,0.0,170532.0,0.0,170532.0,170532.0,178465.15,0,0.0,0,0,30.571087,-81.448578,Residential,Wood,1
177,606710,FL,NASSAU COUNTY,0.0,181980.0,0.0,181980.0,181980.0,181216.05,0,5459.4,0,0,30.570853999999997,-81.448212,Residential,Wood,1
178,443319,FL,NASSAU COUNTY,0.0,181980.0,0.0,181980.0,181980.0,151151.13,0,5459.4,0,0,30.571153999999996,-81.448433,Residential,Wood,1
179,228591,FL,NASSAU COUNTY,0.0,186012.0,0.0,186012.0,186012.0,176389.97,0,0.0,0,0,30.5708,-81.44959,Residential,Wood,1
180,721610,FL,NASSAU COUNTY,0.0,192348.0,0.0,192348.0,192348.0,210005.55,0,0.0,0,0,30.571323,-81.450188,Residential,Wood,1
181,507395,FL,NASSAU COUNTY,0.0,197604.0,0.0,197604.0,197604.0,203450.71,0,0.0,0,0,30.570711,-81.44806700000001,Residential,Wood,1
182,213399,FL,NASSAU COUNTY,0.0,198468.0,0.0,198468.0,198468.0,202538.58,0,0.0,0,0,30.571777,-81.449326,Residential,Wood,1
183,579400,FL,NASSAU COUNTY,0.0,198612.0,0.0,198612.0,198612.0,226675.88,0,0.0,0,0,30.5716,-81.45134,Residential,Wood,1
184,509951,FL,NASSAU COUNTY,0.0,200052.0,0.0,200052.0,200052.0,335395.98,0,0.0,0,0,30.57098,-81.44838,Residential,Wood,1
185,930798,FL,NASSAU COUNTY,0.0,201276.0,0.0,201276.0,201276.0,216909.11,0,0.0,0,0,30.571613,-81.450577,Residential,Wood,1
186,729247,FL,NASSAU COUNTY,0.0,207324.0,0.0,207324.0,207324.0,252344.61,0,0.0,0,0,30.5708,-81.44959,Residential,Wood,1
187,288344,FL,NASSAU COUNTY,0.0,208836.0,0.0,208836.0,208836.0,310058.81,0,0.0,0,0,30.5708,-81.44959,Residential,Wood,1
188,275351,FL,NASSAU COUNTY,0.0,212436.0,0.0,212436.0,212436.0,225030.91,0,0.0,0,0,30.571640000000002,-81.45027900000001,Residential,Wood,1
189,976690,FL,NASSAU COUNTY,0.0,218052.0,0.0,218052.0,218052.0,332681.94,0,0.0,0,0,30.571306,-81.45015,Residential,Wood,1
190,507111,FL,NASSAU COUNTY,0.0,218412.0,0.0,218412.0,218412.0,222125.0,0,0.0,0,0,30.571608,-81.450661,Residential,Wood,1
191,547458,FL,NASSAU COUNTY,0.0,221076.0,0.0,221076.0,221076.0,277280.37,0,0.0,0,0,30.571609000000002,-81.450615,Residential,Wood,1
192,827732,FL,NASSAU COUNTY,0.0,226764.0,0.0,226764.0,226764.0,303833.37,0,0.0,0,0,30.571665000000003,-81.450089,Residential,Wood,1
193,229489,FL,NASSAU COUNTY,0.0,237132.0,0.0,237132.0,237132.0,282225.02,0,0.0,0,0,30.571615,-81.45053100000001,Residential,Wood,1
194,175251,FL,NASSAU COUNTY,0.0,239652.0,0.0,239652.0,239652.0,178583.88,0,0.0,0,0,30.571811999999998,-81.44882199999999,Residential,Wood,1
195,590043,FL,NASSAU COUNTY,0.0,245052.0,0.0,245052.0,245052.0,241166.46,0,0.0,0,0,30.571596000000003,-81.450874,Residential,Wood,1
196,476037,FL,NASSAU COUNTY,0.0,245052.0,0.0,245052.0,245052.0,306551.23,0,0.0,0,0,30.5708,-81.44959,Residential,Wood,1
197,674960,FL,NASSAU COUNTY,0.0,257868.0,0.0,257868.0,257868.0,338372.33,0,0.0,0,0,30.570859999999996,-81.448174,Residential,Wood,1
198,743790,FL,NASSAU COUNTY,0.0,6381518.4,0.0,6381518.4,6381518.4,8757880.98,0,0.0,0,0,30.570326,-81.451576,Commercial,Reinforced Masonry,3
199,817283,FL,NASSAU COUNTY,0.0,15390000.0,0.0,15390000.0,15390000.0,11790000.0,0,461349.0,0,0,30.570221000000004,-81.451309,Commercial,Reinforced Concrete,1
200,201980,FL,NASSAU COUNTY,235696.5,235696.5,235696.5,235696.5,235696.5,353171.41,0,0.0,0,0,30.644479999999998,-81.45489,Residential,Wood,1
201,351505,FL,NASSAU COUNTY,18000.0,18000.0,18000.0,18000.0,18000.0,16830.0,0,540.0,0,0,30.653568,-81.449318,Residential,Wood,1
202,798806,FL,NASSAU COUNTY,1772074.8,1772074.8,1772074.8,1772074.8,1772074.8,1768133.71,0,0.0,0,0,30.65118,-81.44969,Residential,Masonry,1
203,153643,FL,NASSAU COUNTY,95922.0,95922.0,95922.0,95922.0,95922.0,150073.42,0,0.0,0,0,30.65118,-81.44969,Residential,Wood,1
204,683653,FL,NASSAU COUNTY,20763.0,20763.0,20763.0,20763.0,20763.0,20966.31,0,0.0,0,0,30.65118,-81.44969,Residential,Wood,1
205,475264,FL,NASSAU COUNTY,0.0,16560000.0,0.0,0.0,16560000.0,20610000.0,0,497691.0,0,0,30.639568,-81.442482,Commercial,Reinforced Concrete,1
206,912944,FL,NASSAU COUNTY,0.0,582759.1,0.0,0.0,582759.1,1020490.44,0,0.0,0,0,30.59491,-81.539909,Residential,Masonry,4
207,945134,FL,NASSAU COUNTY,0.0,2244.53,0.0,0.0,2244.53,2937.46,0,0.0,0,0,30.59491,-81.539909,Residential,Wood,4
208,219959,FL,NASSAU COUNTY,0.0,196396.18,0.0,0.0,196396.18,190425.74,0,0.0,0,0,30.59491,-81.539909,Residential,Wood,4
209,793504,FL,NASSAU COUNTY,0.0,21500.33,0.0,0.0,21500.33,19687.96,0,0.0,0,0,30.6119,-81.455986,Residential,Wood,3
210,450423,FL,NASSAU COUNTY,0.0,74091.86,0.0,0.0,74091.86,110035.31,0,0.0,0,0,30.596535,-81.546837,Residential,Wood,1
211,505178,FL,NASSAU COUNTY,0.0,86863.23,0.0,0.0,86863.23,123807.2,0,0.0,0,0,30.596535,-81.546837,Residential,Wood,1
212,408688,FL,NASSAU COUNTY,0.0,796134.02,0.0,0.0,796134.02,838972.4,0,0.0,0,0,30.66665,-81.45235,Residential,Masonry,1
213,477759,FL,NASSAU COUNTY,0.0,298522.2,0.0,0.0,298522.2,227585.86,0,0.0,0,0,30.657653999999997,-81.463341,Residential,Wood,1
214,882441,FL,NASSAU COUNTY,0.0,23118.64,0.0,0.0,23118.64,23505.92,0,0.0,0,0,30.658379999999998,-81.46358000000001,Residential,Wood,1
215,727602,FL,NASSAU COUNTY,0.0,63407.91,0.0,0.0,63407.91,78862.0,0,0.0,0,0,30.617165000000004,-81.461609,Residential,Wood,1
216,313226,FL,NASSAU COUNTY,0.0,285728.39,0.0,0.0,285728.39,288837.12,0,0.0,0,0,30.617874,-81.45779399999999,Residential,Wood,1
217,337027,FL,NASSAU COUNTY,0.0,9016.27,0.0,0.0,9016.27,9045.12,0,0.0,0,0,30.663744,-81.453941,Residential,Wood,4
218,649251,FL,NASSAU COUNTY,0.0,80915.23,0.0,0.0,80915.23,98214.9,0,0.0,0,0,30.670240000000003,-81.454628,Residential,Wood,3
219,142564,FL,NASSAU COUNTY,0.0,28898.3,0.0,0.0,28898.3,36004.04,0,0.0,0,0,30.61945,-81.465965,Residential,Wood,1
220,197782,FL,NASSAU COUNTY,0.0,1505741.49,0.0,0.0,1505741.49,2197471.6,0,0.0,0,0,30.610081,-81.446259,Residential,Masonry,1
221,709787,FL,NASSAU COUNTY,0.0,53078.59,0.0,0.0,53078.59,62305.99,0,0.0,0,0,30.610081,-81.446259,Residential,Wood,1
222,655065,FL,NASSAU COUNTY,0.0,162952.72,0.0,0.0,162952.72,185883.43,0,0.0,0,0,30.670440000000003,-81.46571999999999,Residential,Wood,3
223,176778,FL,NASSAU COUNTY,0.0,2261249.55,0.0,0.0,2261249.55,1825782.64,0,0.0,0,0,30.671413,-81.464905,Commercial,Reinforced Masonry,1
224,559179,FL,NASSAU COUNTY,0.0,1363101.75,0.0,0.0,1363101.75,1619364.87,0,0.0,0,0,30.655009999999997,-81.45116999999999,Residential,Masonry,1
225,698071,FL,NASSAU COUNTY,0.0,295716.54,0.0,0.0,295716.54,247758.41,0,0.0,0,0,30.665545,-81.43205,Residential,Wood,3
226,642950,FL,NASSAU COUNTY,0.0,392231.24,0.0,0.0,392231.24,344336.66,0,0.0,0,0,30.63862,-81.43701999999999,Residential,Masonry,4
227,477240,FL,NASSAU COUNTY,0.0,192917.17,0.0,0.0,192917.17,238214.12,0,0.0,0,0,30.66665,-81.45235,Residential,Wood,1
228,672348,FL,NASSAU COUNTY,0.0,168339.59,0.0,0.0,168339.59,269983.03,0,0.0,0,0,30.63833,-81.44564,Residential,Wood,1
229,922844,FL,NASSAU COUNTY,0.0,316029.52,0.0,0.0,316029.52,337216.14,0,0.0,0,0,30.617874,-81.45779399999999,Residential,Wood,1
230,948580,FL,NASSAU COUNTY,0.0,151505.63,0.0,0.0,151505.63,185310.32,0,0.0,0,0,30.670690000000004,-81.458395,Residential,Wood,3
231,364552,FL,NASSAU COUNTY,0.0,280565.98,0.0,0.0,280565.98,329505.66,0,0.0,0,0,30.658379999999998,-81.46358000000001,Residential,Wood,1
232,561601,FL,NASSAU COUNTY,0.0,460128.2,0.0,0.0,460128.2,792672.06,0,0.0,0,0,30.671312,-81.46491999999999,Residential,Masonry,1
233,584749,FL,NASSAU COUNTY,0.0,324000.0,0.0,324000.0,324000.0,506745.07,0,9720.0,0,0,30.626793,-81.48584699999999,Residential,Wood,1
234,601327,FL,COLUMBIA COUNTY,212850.0,212850.0,212850.0,212850.0,212850.0,340143.88,0,0.0,0,0,29.925,-82.7109,Residential,Wood,1
235,302578,FL,COLUMBIA COUNTY,135000.0,135000.0,135000.0,135000.0,135000.0,150719.13,0,0.0,0,0,29.9248,-82.71114,Residential,Wood,1
236,756585,FL,COLUMBIA COUNTY,94284.0,94284.0,94284.0,94284.0,94284.0,100714.17,0,0.0,0,0,29.903340000000004,-82.63364,Residential,Wood,1
237,627591,FL,COLUMBIA COUNTY,6300.0,6300.0,6300.0,6300.0,6300.0,9566.42,0,0.0,0,0,29.919148999999997,-82.639236,Residential,Wood,1
238,663563,FL,COLUMBIA COUNTY,1248407.1,1248407.1,0.0,0.0,1248407.1,1417531.31,0,0.0,0,0,29.9301,-82.7088,Residential,Masonry,3
239,108959,FL,COLUMBIA COUNTY,0.0,114170.34,0.0,0.0,114170.34,136068.22,0,0.0,0,0,30.041415,-82.70640999999999,Residential,Wood,3
240,951069,FL,COLUMBIA COUNTY,0.0,498344.66,0.0,0.0,498344.66,434656.21,0,0.0,0,0,29.921429999999997,-82.71410999999999,Residential,Masonry,1
241,490641,FL,BAKER COUNTY,0.0,910.22,0.0,0.0,910.22,1346.55,0,0.0,0,0,30.265604999999997,-82.16215,Residential,Wood,3
242,443968,FL,BAKER COUNTY,0.0,3195.34,0.0,0.0,3195.34,4551.39,0,0.0,0,0,30.27125,-82.160875,Residential,Wood,3
243,433688,FL,CLAY COUNTY,0.0,172157.99,0.0,0.0,172157.99,171582.99,0,0.0,0,0,29.980408,-81.658165,Residential,Wood,1
244,168578,FL,CLAY COUNTY,945000.0,945000.0,945000.0,945000.0,945000.0,750524.67,0,0.0,0,0,30.0517,-81.82975,Residential,Masonry,1
245,294375,FL,CLAY COUNTY,76500.0,76500.0,76500.0,76500.0,76500.0,121368.78,0,0.0,0,0,30.0517,-81.82975,Residential,Wood,1
246,902110,FL,CLAY COUNTY,76500.0,76500.0,76500.0,76500.0,76500.0,94517.28,0,0.0,0,0,30.0517,-81.82975,Residential,Wood,1
247,279816,FL,CLAY COUNTY,431726.4,431726.4,0.0,0.0,431726.4,640896.11,0,0.0,0,0,29.988390000000003,-81.70777,Residential,Masonry,1
248,994565,FL,CLAY COUNTY,0.0,11767.98,0.0,0.0,11767.98,14137.95,0,0.0,0,0,29.9826,-81.7238,Residential,Wood,4
249,930535,FL,CLAY COUNTY,0.0,15981.99,0.0,0.0,15981.99,25400.89,0,0.0,0,0,29.9826,-81.7238,Residential,Wood,4
250,844642,FL,CLAY COUNTY,0.0,35302.09,0.0,0.0,35302.09,47059.67,0,0.0,0,0,29.9826,-81.7238,Residential,Wood,4
251,292887,FL,CLAY COUNTY,0.0,26396.15,0.0,0.0,26396.15,28938.78,0,0.0,0,0,29.9826,-81.7238,Residential,Wood,4
252,655128,FL,CLAY COUNTY,0.0,7536.5,0.0,0.0,7536.5,10216.0,0,0.0,0,0,29.9826,-81.7238,Residential,Wood,4
253,164038,FL,CLAY COUNTY,0.0,13198.07,0.0,0.0,13198.07,16695.56,0,0.0,0,0,29.9826,-81.7238,Residential,Wood,4
254,163057,FL,CLAY COUNTY,0.0,29410.75,0.0,0.0,29410.75,25890.52,0,0.0,0,0,29.9826,-81.7238,Residential,Wood,4
255,327730,FL,CLAY COUNTY,0.0,13198.07,0.0,0.0,13198.07,11239.53,0,0.0,0,0,29.9826,-81.7238,Residential,Wood,4
256,218187,FL,CLAY COUNTY,0.0,25780.36,0.0,0.0,25780.36,35155.0,0,0.0,0,0,29.9826,-81.7238,Residential,Wood,4
257,697530,FL,CLAY COUNTY,0.0,9806.65,0.0,0.0,9806.65,16990.72,0,0.0,0,0,29.9826,-81.7238,Residential,Wood,4
258,619053,FL,CLAY COUNTY,0.0,15992.1,0.0,0.0,15992.1,23431.62,0,0.0,0,0,29.9826,-81.7238,Residential,Wood,4
259,431406,FL,CLAY COUNTY,0.0,9806.65,0.0,0.0,9806.65,7026.15,0,0.0,0,0,29.9826,-81.7238,Residential,Wood,3
260,256801,FL,CLAY COUNTY,0.0,13198.07,0.0,0.0,13198.07,22117.33,0,0.0,0,0,29.9826,-81.7238,Residential,Wood,4
261,571398,FL,CLAY COUNTY,0.0,304842.43,0.0,0.0,304842.43,250185.41,0,0.0,0,0,29.9826,-81.7238,Residential,Wood,3
262,239669,FL,CLAY COUNTY,0.0,13198.07,0.0,0.0,13198.07,13200.19,0,0.0,0,0,29.9826,-81.7238,Residential,Wood,3
263,530369,FL,CLAY COUNTY,0.0,48252.01,0.0,0.0,48252.01,36139.79,0,0.0,0,0,29.9826,-81.7238,Residential,Wood,4
264,948187,FL,CLAY COUNTY,0.0,9806.65,0.0,0.0,9806.65,13926.22,0,0.0,0,0,29.9826,-81.7238,Residential,Wood,3
265,571059,FL,CLAY COUNTY,0.0,9190.86,0.0,0.0,9190.86,14678.43,0,0.0,0,0,29.9826,-81.7238,Residential,Wood,4
266,470539,FL,CLAY COUNTY,0.0,68931.45,0.0,0.0,68931.45,85159.98,0,0.0,0,0,29.993125,-81.67742,Residential,Wood,3
267,791046,FL,CLAY COUNTY,0.0,68931.45,0.0,0.0,68931.45,99578.92,0,0.0,0,0,29.993125,-81.67742,Residential,Wood,3
268,563971,FL,CLAY COUNTY,0.0,27572.58,0.0,0.0,27572.58,30033.98,0,0.0,0,0,29.993125,-81.67742,Residential,Wood,3
269,823903,FL,CLAY COUNTY,0.0,13786.29,0.0,0.0,13786.29,22316.42,0,0.0,0,0,29.993125,-81.67742,Residential,Wood,3
270,812504,FL,CLAY COUNTY,0.0,9190.86,0.0,0.0,9190.86,10540.08,0,0.0,0,0,29.9826,-81.7238,Residential,Wood,4
271,597719,FL,CLAY COUNTY,0.0,102937.63,0.0,0.0,102937.63,94857.02,0,0.0,0,0,29.995915999999998,-81.689049,Residential,Wood,1
272,716513,FL,CLAY COUNTY,0.0,19605.94,0.0,0.0,19605.94,18479.62,0,0.0,0,0,30.004621999999998,-81.683899,Residential,Wood,3
273,378286,FL,CLAY COUNTY,0.0,13198.07,0.0,0.0,13198.07,16161.17,0,0.0,0,0,29.9826,-81.7238,Residential,Wood,4
274,698982,FL,CLAY COUNTY,0.0,9806.65,0.0,0.0,9806.65,12391.68,0,0.0,0,0,29.9826,-81.7238,Residential,Wood,4
275,624550,FL,CLAY COUNTY,0.0,9806.65,0.0,0.0,9806.65,13533.17,0,0.0,0,0,29.9826,-81.7238,Residential,Wood,4
276,666076,FL,CLAY COUNTY,0.0,11764.3,0.0,0.0,11764.3,11058.82,0,0.0,0,0,29.9826,-81.7238,Residential,Wood,4
277,474145,FL,CLAY COUNTY,0.0,7619.22,0.0,0.0,7619.22,6304.92,0,0.0,0,0,29.9826,-81.7238,Residential,Wood,4
278,572929,FL,CLAY COUNTY,0.0,13198.07,0.0,0.0,13198.07,18039.84,0,0.0,0,0,29.9826,-81.7238,Residential,Wood,4
279,640205,FL,CLAY COUNTY,0.0,6433.6,0.0,0.0,6433.6,8588.09,0,0.0,0,0,29.9826,-81.7238,Residential,Wood,3
280,295930,FL,CLAY COUNTY,0.0,6617.42,0.0,0.0,6617.42,5824.75,0,0.0,0,0,30.0156,-81.70065,Residential,Wood,3
281,823004,FL,CLAY COUNTY,0.0,9806.65,0.0,0.0,9806.65,9970.77,0,0.0,0,0,29.9826,-81.7238,Residential,Wood,4
282,230536,FL,CLAY COUNTY,0.0,8712.94,0.0,0.0,8712.94,10813.94,0,0.0,0,0,30.004385,-81.683762,Residential,Wood,3
283,936142,FL,CLAY COUNTY,0.0,301000.66,0.0,0.0,301000.66,321265.52,0,0.0,0,0,30.004209999999997,-81.684,Residential,Wood,3
284,724639,FL,CLAY COUNTY,0.0,57442.87,0.0,0.0,57442.87,86664.06,0,0.0,0,0,29.9826,-81.7238,Residential,Wood,4
285,119986,FL,CLAY COUNTY,0.0,18381.72,0.0,0.0,18381.72,15298.37,0,0.0,0,0,29.9826,-81.7238,Residential,Wood,4
286,603370,FL,CLAY COUNTY,0.0,3032.98,0.0,0.0,3032.98,4916.61,0,0.0,0,0,29.9826,-81.7238,Residential,Wood,4
287,532496,FL,CLAY COUNTY,0.0,3032.98,0.0,0.0,3032.98,4227.37,0,0.0,0,0,29.9826,-81.7238,Residential,Wood,4
288,786954,FL,CLAY COUNTY,0.0,9007.04,0.0,0.0,9007.04,7864.77,0,0.0,0,0,30.001690000000004,-81.71087,Residential,Wood,4
289,416348,FL,CLAY COUNTY,0.0,18381.72,0.0,0.0,18381.72,27063.92,0,0.0,0,0,29.9826,-81.7238,Residential,Wood,4
290,506364,FL,CLAY COUNTY,0.0,652150.86,0.0,0.0,652150.86,614169.6,0,0.0,0,0,30.006186,-81.698914,Residential,Masonry,1
291,311994,FL,CLAY COUNTY,0.0,75824.59,0.0,0.0,75824.59,85602.93,0,0.0,0,0,30.006186,-81.698914,Residential,Wood,1
292,807442,FL,CLAY COUNTY,0.0,91908.6,0.0,0.0,91908.6,94516.04,0,0.0,0,0,30.006186,-81.698914,Residential,Wood,1
293,235695,FL,CLAY COUNTY,0.0,45954.3,0.0,0.0,45954.3,41626.05,0,0.0,0,0,30.006186,-81.698914,Residential,Wood,1
294,481294,FL,CLAY COUNTY,0.0,64336.02,0.0,0.0,64336.02,69354.23,0,0.0,0,0,30.006186,-81.698914,Residential,Wood,1
295,292670,FL,CLAY COUNTY,0.0,234366.92,0.0,0.0,234366.92,184597.7,0,0.0,0,0,30.006186,-81.698914,Residential,Wood,1
296,127739,FL,CLAY COUNTY,0.0,13786.29,0.0,0.0,13786.29,17192.67,0,0.0,0,0,30.006186,-81.698914,Residential,Wood,1
297,869056,FL,CLAY COUNTY,0.0,22977.15,0.0,0.0,22977.15,22060.5,0,0.0,0,0,29.9994,-81.71524000000001,Residential,Wood,3
298,514471,FL,CLAY COUNTY,0.0,18381.72,0.0,0.0,18381.72,27269.28,0,0.0,0,0,29.9826,-81.7238,Residential,Wood,3
299,903764,FL,CLAY COUNTY,0.0,91908.6,0.0,0.0,91908.6,130879.31,0,0.0,0,0,29.995340000000002,-81.684074,Residential,Wood,3
300,192068,FL,CLAY COUNTY,0.0,43840.4,0.0,0.0,43840.4,39041.19,0,0.0,0,0,29.987990000000003,-81.69476999999999,Residential,Wood,3
301,109815,FL,CLAY COUNTY,0.0,38601.61,0.0,0.0,38601.61,63272.13,0,0.0,0,0,30.00593,-81.698545,Residential,Wood,3
302,495339,FL,CLAY COUNTY,0.0,413588.69,0.0,0.0,413588.69,420116.77,0,0.0,0,0,29.98272,-81.676795,Residential,Masonry,3
303,752123,FL,CLAY COUNTY,0.0,13786.29,0.0,0.0,13786.29,18320.32,0,0.0,0,0,29.9826,-81.7238,Residential,Wood,4
304,412775,FL,CLAY COUNTY,0.0,22977.15,0.0,0.0,22977.15,28403.71,0,0.0,0,0,30.00228,-81.699965,Residential,Wood,3
305,249958,FL,CLAY COUNTY,0.0,25274.86,0.0,0.0,25274.86,38878.0,0,0.0,0,0,29.968090000000004,-81.65459,Residential,Wood,3
306,754919,FL,CLAY COUNTY,0.0,27572.58,0.0,0.0,27572.58,24486.1,0,0.0,0,0,29.989515,-81.687235,Residential,Wood,3
307,829637,FL,CLAY COUNTY,0.0,137862.9,0.0,0.0,137862.9,127544.55,0,0.0,0,0,29.989515,-81.687235,Residential,Wood,3
308,931429,FL,CLAY COUNTY,0.0,91908.6,0.0,0.0,91908.6,97127.17,0,0.0,0,0,29.989515,-81.687235,Residential,Wood,3
309,565451,FL,CLAY COUNTY,0.0,22977.15,0.0,0.0,22977.15,31074.07,0,0.0,0,0,30.004140000000003,-81.700315,Residential,Wood,3
310,722334,FL,CLAY COUNTY,0.0,27572.58,0.0,0.0,27572.58,36234.34,0,0.0,0,0,30.004209999999997,-81.684,Residential,Wood,3
311,630898,FL,CLAY COUNTY,0.0,77254.74,0.0,0.0,77254.74,114400.37,0,0.0,0,0,29.9817,-81.81295,Residential,Wood,3
312,166536,FL,CLAY COUNTY,0.0,212887.5,0.0,0.0,212887.5,184477.66,0,0.0,0,0,29.9817,-81.81295,Residential,Wood,3
313,469135,FL,CLAY COUNTY,0.0,653122.95,0.0,0.0,653122.95,1049829.83,0,0.0,0,0,29.987820000000003,-81.69136,Residential,Masonry,1
314,678786,FL,CLAY COUNTY,0.0,635702.59,0.0,0.0,635702.59,803088.17,0,0.0,0,0,30.031706,-81.70859499999999,Residential,Masonry,1
315,284473,FL,CLAY COUNTY,0.0,781465.69,0.0,0.0,781465.69,1174149.07,0,0.0,0,0,29.839308000000003,-81.661644,Residential,Masonry,3
316,499389,FL,CLAY COUNTY,0.0,638884.47,0.0,0.0,638884.47,926230.42,0,0.0,0,0,29.986181,-81.695091,Residential,Masonry,1
317,541241,FL,CLAY COUNTY,0.0,1939500.0,0.0,1939500.0,1939500.0,3345521.13,0,58185.0,0,0,29.98,-81.69609,Commercial,Reinforced Masonry,1
318,797586,FL,CLAY COUNTY,0.0,6760449.39,0.0,0.0,6760449.39,6739694.81,0,0.0,0,0,29.99665,-81.68111,Commercial,Reinforced Masonry,1
319,812823,FL,CLAY COUNTY,162366.3,162366.3,162366.3,162366.3,162366.3,168942.46,0,0.0,0,0,30.026604,-81.70697,Residential,Wood,1
320,598244,FL,CLAY COUNTY,0.0,648862.42,0.0,0.0,648862.42,981993.57,0,0.0,0,0,29.981771000000002,-81.67562099999999,Residential,Masonry,3
321,788363,FL,CLAY COUNTY,0.0,240578.59,0.0,0.0,240578.59,192335.37,0,0.0,0,0,29.997179,-81.736023,Residential,Wood,1
322,737787,FL,CLAY COUNTY,0.0,13467.17,0.0,0.0,13467.17,14335.1,0,0.0,0,0,30.005896000000003,-81.730293,Residential,Wood,1
323,445518,FL,CLAY COUNTY,0.0,19639.62,0.0,0.0,19639.62,24001.58,0,0.0,0,0,29.892822,-81.670074,Residential,Wood,1
324,758347,FL,CLAY COUNTY,0.0,604316.67,0.0,0.0,604316.67,622958.63,0,0.0,0,0,29.983203999999997,-81.755379,Residential,Masonry,1
325,195133,FL,CLAY COUNTY,0.0,171459.48,0.0,0.0,171459.48,160656.16,0,0.0,0,0,29.983203999999997,-81.755379,Residential,Wood,1
326,991548,FL,CLAY COUNTY,0.0,822091.98,0.0,0.0,822091.98,885491.72,0,0.0,0,0,29.993190000000002,-81.68175,Residential,Masonry,1
327,696936,FL,CLAY COUNTY,0.0,85444.69,0.0,0.0,85444.69,124562.37,0,0.0,0,0,30.00093,-81.679455,Residential,Wood,3
328,393176,FL,CLAY COUNTY,0.0,26934.33,0.0,0.0,26934.33,34616.01,0,0.0,0,0,30.00135,-81.742455,Residential,Wood,3
329,626647,FL,CLAY COUNTY,0.0,162728.27,0.0,0.0,162728.27,266906.9,0,0.0,0,0,30.00135,-81.742455,Residential,Wood,3
330,915781,FL,CLAY COUNTY,0.0,589356.89,0.0,0.0,589356.89,472322.4,0,0.0,0,0,30.00135,-81.742455,Residential,Masonry,3
331,827852,FL,CLAY COUNTY,0.0,13657.95,0.0,0.0,13657.95,19860.19,0,0.0,0,0,30.00135,-81.742455,Residential,Wood,3
332,800420,FL,CLAY COUNTY,0.0,64726.57,0.0,0.0,64726.57,71551.34,0,0.0,0,0,29.983203999999997,-81.755379,Residential,Wood,1
333,728346,FL,CLAY COUNTY,0.0,2603338.04,0.0,0.0,2603338.04,3496699.52,0,0.0,0,0,29.983203999999997,-81.755379,Commercial,Reinforced Masonry,1
334,928642,FL,CLAY COUNTY,0.0,67335.83,0.0,0.0,67335.83,69182.52,0,0.0,0,0,29.983203999999997,-81.755379,Residential,Wood,1
335,442061,FL,CLAY COUNTY,0.0,22445.28,0.0,0.0,22445.28,24191.61,0,0.0,0,0,29.983203999999997,-81.755379,Residential,Wood,1
336,810826,FL,CLAY COUNTY,0.0,31984.52,0.0,0.0,31984.52,52870.8,0,0.0,0,0,29.983203999999997,-81.755379,Residential,Wood,1
337,336798,FL,CLAY COUNTY,0.0,44890.56,0.0,0.0,44890.56,60419.64,0,0.0,0,0,29.983203999999997,-81.755379,Residential,Wood,1
338,830917,FL,CLAY COUNTY,0.0,15341.35,0.0,0.0,15341.35,20025.98,0,0.0,0,0,29.983203999999997,-81.755379,Residential,Wood,1
339,984232,FL,CLAY COUNTY,0.0,1748172.94,0.0,0.0,1748172.94,2274163.21,0,0.0,0,0,29.991459999999996,-81.67947,Residential,Masonry,1
340,203667,FL,CLAY COUNTY,0.0,212051.77,0.0,0.0,212051.77,205713.96,0,0.0,0,0,30.024078000000003,-81.714539,Residential,Wood,1
341,395084,FL,CLAY COUNTY,0.0,238222.96,0.0,0.0,238222.96,347967.51,0,0.0,0,0,30.024078000000003,-81.714539,Residential,Wood,1
342,869242,FL,CLAY COUNTY,0.0,174354.92,0.0,0.0,174354.92,187374.87,0,0.0,0,0,30.024033000000003,-81.714836,Residential,Wood,1
343,704537,FL,CLAY COUNTY,0.0,29086.84,0.0,0.0,29086.84,39703.53,0,0.0,0,0,29.9826,-81.7238,Residential,Wood,4
344,692691,FL,CLAY COUNTY,0.0,49883.51,0.0,0.0,49883.51,54682.3,0,0.0,0,0,29.995009999999997,-81.69407,Residential,Wood,3
345,580758,FL,CLAY COUNTY,0.0,33850.85,0.0,0.0,33850.85,47324.63,0,0.0,0,0,30.046191999999998,-81.795082,Residential,Wood,1
346,515486,FL,CLAY COUNTY,0.0,14204.49,0.0,0.0,14204.49,21284.3,0,0.0,0,0,30.046191999999998,-81.795082,Residential,Wood,1
347,884079,FL,CLAY COUNTY,0.0,60112.94,0.0,0.0,60112.94,67485.56,0,0.0,0,0,30.046191999999998,-81.795082,Residential,Wood,1
348,491095,FL,CLAY COUNTY,0.0,776595.4,0.0,0.0,776595.4,788694.76,0,0.0,0,0,29.9826,-81.7238,Residential,Masonry,4
349,579764,FL,CLAY COUNTY,0.0,88434.4,0.0,0.0,88434.4,110143.27,0,0.0,0,0,29.9826,-81.7238,Residential,Wood,1
350,263177,FL,CLAY COUNTY,0.0,61724.52,0.0,0.0,61724.52,50970.62,0,0.0,0,0,29.991999999999997,-81.68678,Residential,Wood,1
351,710739,FL,CLAY COUNTY,0.0,33667.92,0.0,0.0,33667.92,45290.08,0,0.0,0,0,29.993270000000003,-81.724515,Residential,Wood,3
352,156129,FL,CLAY COUNTY,0.0,64275.42,0.0,0.0,64275.42,80342.73,0,0.0,0,0,29.991999999999997,-81.68678,Residential,Wood,1
353,178800,FL,BRADFORD COUNTY,216363.6,216363.6,0.0,0.0,216363.6,347251.89,0,0.0,0,0,29.869761999999998,-82.202431,Residential,Wood,1
354,406073,FL,BRADFORD COUNTY,0.0,106317.27,0.0,0.0,106317.27,105384.87,0,0.0,0,0,29.862609999999997,-82.135475,Residential,Wood,3
355,450089,FL,BRADFORD COUNTY,0.0,170207.57,0.0,0.0,170207.57,148194.97,0,0.0,0,0,29.864408,-82.135536,Residential,Wood,1
356,894206,FL,NASSAU COUNTY,189999.9,189999.9,0.0,0.0,189999.9,291171.43,0,0.0,0,0,30.687054999999997,-81.9198,Residential,Wood,1
357,472007,FL,NASSAU COUNTY,635996.7,635996.7,0.0,0.0,635996.7,1010881.77,0,0.0,0,0,30.7595,-81.9576,Residential,Masonry,4
358,500287,FL,NASSAU COUNTY,1729530.0,1729530.0,0.0,0.0,1729530.0,2062651.31,0,0.0,0,0,30.69844,-81.908635,Residential,Masonry,4
359,365732,FL,NASSAU COUNTY,0.0,110218.53,0.0,0.0,110218.53,114569.52,0,0.0,0,0,30.690071000000003,-81.919342,Residential,Wood,3
360,365145,FL,NASSAU COUNTY,0.0,123995.38,0.0,0.0,123995.38,142594.69,0,0.0,0,0,30.690071000000003,-81.919342,Residential,Wood,3
361,237841,FL,NASSAU COUNTY,0.0,13777.78,0.0,0.0,13777.78,22931.74,0,0.0,0,0,30.690071000000003,-81.919342,Residential,Wood,3
362,497561,FL,NASSAU COUNTY,0.0,38954.52,0.0,0.0,38954.52,30813.03,0,0.0,0,0,30.692579,-81.923798,Residential,Wood,1
363,245837,FL,NASSAU COUNTY,0.0,428020.45,0.0,0.0,428020.45,590955.85,0,0.0,0,0,30.692579,-81.923798,Residential,Masonry,1
364,732075,FL,NASSAU COUNTY,0.0,38954.52,0.0,0.0,38954.52,44390.39,0,0.0,0,0,30.687846999999998,-81.928619,Residential,Wood,3
365,657625,FL,NASSAU COUNTY,0.0,3505598.5,0.0,0.0,3505598.5,5610030.32,0,0.0,0,0,30.698156,-81.917923,Commercial,Reinforced Masonry,1
366,790556,FL,NASSAU COUNTY,0.0,140160.38,0.0,0.0,140160.38,195355.54,0,0.0,0,0,30.692579,-81.923798,Residential,Wood,1
367,207626,FL,NASSAU COUNTY,0.0,60397.19,0.0,0.0,60397.19,73202.3,0,0.0,0,0,30.682270000000003,-82.010965,Residential,Wood,3
368,902008,FL,NASSAU COUNTY,0.0,1138559.14,0.0,0.0,1138559.14,1124171.17,0,0.0,0,0,30.68758,-81.90805,Residential,Masonry,1
369,135936,FL,HAMILTON COUNTY,0.0,4623.3,0.0,4623.3,4623.3,7055.16,0,0.0,0,0,30.518690000000003,-82.95187,Residential,Wood,3
370,997759,FL,HAMILTON COUNTY,0.0,34212.42,0.0,0.0,34212.42,42302.97,0,0.0,0,0,30.518690000000003,-82.95187,Residential,Wood,3
371,470224,FL,HAMILTON COUNTY,0.0,11095.92,0.0,0.0,11095.92,10246.42,0,0.0,0,0,30.518690000000003,-82.95187,Residential,Wood,3
372,367761,FL,HAMILTON COUNTY,0.0,25899.23,0.0,0.0,25899.23,35000.32,0,0.0,0,0,30.505239000000003,-82.95285,Residential,Wood,1
373,285586,FL,HAMILTON COUNTY,0.0,10211.17,0.0,0.0,10211.17,18829.64,0,0.0,0,0,30.505239000000003,-82.95285,Residential,Wood,1
374,122164,FL,HAMILTON COUNTY,0.0,4084.47,0.0,0.0,4084.47,3579.34,0,0.0,0,0,30.496,-82.9527,Residential,Wood,4
375,152913,FL,HAMILTON COUNTY,0.0,26920.35,0.0,0.0,26920.35,28007.93,0,0.0,0,0,30.465835,-83.006185,Residential,Wood,3
376,655156,FL,HAMILTON COUNTY,0.0,80668.21,0.0,0.0,80668.21,70626.63,0,0.0,0,0,30.523375,-82.95845,Residential,Wood,1
377,989201,FL,HAMILTON COUNTY,0.0,70642.7,0.0,0.0,70642.7,63476.71,0,0.0,0,0,30.523375,-82.95845,Residential,Wood,1
378,207985,FL,HAMILTON COUNTY,0.0,263169.6,0.0,0.0,263169.6,368477.97,0,0.0,0,0,30.52085,-82.950535,Residential,Wood,4
379,732449,FL,HAMILTON COUNTY,0.0,15873.72,0.0,0.0,15873.72,12857.71,0,0.0,0,0,30.51929,-82.94598,Residential,Wood,1
380,665653,FL,HAMILTON COUNTY,0.0,246924.56,0.0,0.0,246924.56,419574.22,0,0.0,0,0,30.519608,-82.954086,Residential,Wood,1
381,939634,FL,HAMILTON COUNTY,0.0,942304.98,0.0,0.0,942304.98,1133298.89,0,0.0,0,0,30.496,-82.9527,Residential,Masonry,4
382,981796,FL,HAMILTON COUNTY,0.0,12996.03,0.0,0.0,12996.03,17111.87,0,0.0,0,0,30.522959999999998,-82.955515,Residential,Wood,4
383,269573,FL,HAMILTON COUNTY,0.0,42886.9,0.0,0.0,42886.9,66233.75,0,0.0,0,0,30.496,-82.9527,Residential,Wood,3
384,602123,FL,HAMILTON COUNTY,0.0,2784.86,0.0,0.0,2784.86,4613.35,0,0.0,0,0,30.496,-82.9527,Residential,Wood,4
385,336717,FL,HAMILTON COUNTY,0.0,105764.12,0.0,0.0,105764.12,116617.63,0,0.0,0,0,30.518326000000002,-82.948914,Residential,Wood,1
386,238449,FL,HAMILTON COUNTY,0.0,18419.71,0.0,0.0,18419.71,26153.37,0,0.0,0,0,30.496,-82.9527,Residential,Wood,3
387,530357,FL,HAMILTON COUNTY,0.0,36836.28,0.0,0.0,36836.28,38632.56,0,0.0,0,0,30.529040000000002,-82.96071500000001,Residential,Wood,3
388,896911,FL,HAMILTON COUNTY,0.0,214534.66,0.0,0.0,214534.66,252790.47,0,0.0,0,0,30.496,-82.9527,Residential,Wood,3
389,391646,FL,HAMILTON COUNTY,0.0,44199.98,0.0,0.0,44199.98,54449.07,0,0.0,0,0,30.496,-82.9527,Residential,Wood,3
390,710345,FL,HAMILTON COUNTY,0.0,51130.14,0.0,0.0,51130.14,53139.05,0,0.0,0,0,30.496,-82.9527,Residential,Wood,3
391,944525,FL,HAMILTON COUNTY,194537.7,194537.7,0.0,0.0,194537.7,156395.86,0,0.0,0,0,30.5696,-83.1456,Residential,Wood,4
392,800878,FL,HAMILTON COUNTY,0.0,28776.92,0.0,0.0,28776.92,32189.87,0,0.0,0,0,30.599605,-83.236685,Residential,Wood,3
393,866106,FL,HAMILTON COUNTY,0.0,151310.92,0.0,0.0,151310.92,158091.16,0,0.0,0,0,30.58925,-83.09455,Residential,Wood,1
394,204794,FL,HAMILTON COUNTY,0.0,179562.23,0.0,0.0,179562.23,147384.67,0,0.0,0,0,30.5696,-83.1456,Residential,Wood,1
395,849458,FL,HAMILTON COUNTY,0.0,16833.96,0.0,0.0,16833.96,19110.92,0,0.0,0,0,30.5696,-83.1456,Residential,Wood,4
396,806471,FL,HAMILTON COUNTY,0.0,24914.26,0.0,0.0,24914.26,33937.58,0,0.0,0,0,30.5696,-83.1456,Residential,Wood,3
397,464589,FL,HAMILTON COUNTY,0.0,169461.85,0.0,0.0,169461.85,242525.33,0,0.0,0,0,30.603361,-83.09906,Residential,Wood,1
398,591943,FL,UNION COUNTY,407520.0,407520.0,407520.0,407520.0,407520.0,652935.06,0,0.0,0,0,30.023390000000003,-82.3414,Residential,Masonry,3
399,973133,FL,UNION COUNTY,137160.0,137160.0,137160.0,137160.0,137160.0,235651.85,0,0.0,0,0,30.023390000000003,-82.3414,Residential,Wood,3
400,743965,FL,UNION COUNTY,123300.0,123300.0,123300.0,123300.0,123300.0,117740.65,0,0.0,0,0,30.027559999999998,-82.33126,Residential,Wood,1
401,528185,FL,UNION COUNTY,0.0,37823.84,0.0,0.0,37823.84,66198.38,0,0.0,0,0,29.934589000000003,-82.409576,Residential,Wood,3
402,219113,FL,UNION COUNTY,0.0,181487.52,0.0,0.0,181487.52,272492.62,0,0.0,0,0,30.024082,-82.33815799999999,Residential,Wood,3
403,376803,FL,UNION COUNTY,0.0,948148.79,0.0,0.0,948148.79,1344182.96,0,0.0,0,0,30.017946000000002,-82.344803,Residential,Masonry,1
404,233559,FL,COLUMBIA COUNTY,585000.0,585000.0,585000.0,585000.0,585000.0,516026.16,0,0.0,0,0,30.198259999999998,-82.63481999999999,Residential,Masonry,1
405,579117,FL,COLUMBIA COUNTY,82620.0,82620.0,82620.0,82620.0,82620.0,67513.1,0,0.0,0,0,30.2598,-82.6422,Residential,Wood,4
406,517674,FL,COLUMBIA COUNTY,0.0,61027.56,0.0,0.0,61027.56,66963.34,0,0.0,0,0,30.18928,-82.62603,Residential,Wood,1
407,980808,FL,COLUMBIA COUNTY,0.0,22500.0,0.0,22500.0,22500.0,15583.05,0,0.0,0,0,30.189346999999998,-82.631552,Residential,Wood,1
408,143584,FL,COLUMBIA COUNTY,874801.8,874801.8,0.0,0.0,874801.8,1488037.86,0,0.0,0,0,30.179675,-82.67663,Residential,Masonry,1
409,489643,FL,COLUMBIA COUNTY,504230.4,504230.4,0.0,0.0,504230.4,381198.18,0,0.0,0,0,30.367133000000003,-82.629161,Residential,Masonry,3
410,986109,FL,COLUMBIA COUNTY,0.0,67591.02,0.0,0.0,67591.02,107281.96,0,0.0,0,0,30.2598,-82.6422,Residential,Wood,4
411,654640,FL,COLUMBIA COUNTY,0.0,135763.24,0.0,0.0,135763.24,123495.13,0,0.0,0,0,30.191295,-82.64519,Residential,Wood,1
412,700895,FL,COLUMBIA COUNTY,702820.8,702820.8,702820.8,702820.8,702820.8,800541.0,0,0.0,0,0,30.183475,-82.68749,Residential,Masonry,4
413,407962,FL,COLUMBIA COUNTY,0.0,129600000.0,0.0,0.0,129600000.0,120600000.0,0,0.0,0,0,30.232008,-82.63855699999999,Commercial,Steel Frame,3
414,494610,FL,COLUMBIA COUNTY,0.0,67892.48,0.0,0.0,67892.48,51746.63,0,0.0,0,0,30.174957,-82.66295600000001,Residential,Wood,1
415,744305,FL,COLUMBIA COUNTY,0.0,67892.48,0.0,0.0,67892.48,95471.01,0,0.0,0,0,30.20295,-82.63428,Residential,Wood,1
416,512991,FL,COLUMBIA COUNTY,0.0,102221.41,0.0,0.0,102221.41,123969.01,0,0.0,0,0,30.20298,-82.63389000000001,Residential,Wood,1
417,507789,FL,COLUMBIA COUNTY,0.0,105926.0,0.0,0.0,105926.0,149616.24,0,0.0,0,0,30.174339,-82.66256700000001,Residential,Wood,4
418,186262,FL,COLUMBIA COUNTY,0.0,4542119.64,0.0,0.0,4542119.64,4765537.43,0,0.0,0,0,30.194994,-82.63801600000001,Commercial,Reinforced Masonry,1
419,978388,FL,COLUMBIA COUNTY,0.0,191242.75,0.0,0.0,191242.75,275087.39,0,0.0,0,0,30.19006,-82.60341,Residential,Wood,1
420,784347,FL,COLUMBIA COUNTY,0.0,921352.86,0.0,0.0,921352.86,1031325.54,0,0.0,0,0,30.201794,-82.66199499999999,Residential,Masonry,1
421,679408,FL,COLUMBIA COUNTY,0.0,35322.13,0.0,0.0,35322.13,51938.8,0,0.0,0,0,30.218322999999998,-82.64587399999999,Residential,Wood,1
422,306619,FL,COLUMBIA COUNTY,0.0,108562.2,0.0,0.0,108562.2,128945.84,0,0.0,0,0,30.218322999999998,-82.64587399999999,Residential,Wood,1
423,457004,FL,COLUMBIA COUNTY,0.0,26195.88,0.0,0.0,26195.88,31749.41,0,0.0,0,0,30.218322999999998,-82.64587399999999,Residential,Wood,1
424,329255,FL,COLUMBIA COUNTY,0.0,101204.64,0.0,0.0,101204.64,159306.22,0,0.0,0,0,30.253870000000003,-82.70283,Residential,Wood,3
425,900892,FL,COLUMBIA COUNTY,0.0,16160.6,0.0,0.0,16160.6,12760.09,0,0.0,0,0,30.253870000000003,-82.70283,Residential,Wood,3
426,633241,FL,COLUMBIA COUNTY,0.0,22781.96,0.0,0.0,22781.96,31753.49,0,0.0,0,0,30.253870000000003,-82.70283,Residential,Wood,3
427,502372,FL,COLUMBIA COUNTY,0.0,114298.09,0.0,0.0,114298.09,87129.43,0,0.0,0,0,30.27805,-82.69878,Residential,Wood,3
428,719075,FL,COLUMBIA COUNTY,0.0,315302.29,0.0,0.0,315302.29,370039.71,0,0.0,0,0,30.186512,-82.695274,Residential,Wood,3
429,920786,FL,COLUMBIA COUNTY,0.0,109954.93,0.0,0.0,109954.93,131220.21,0,0.0,0,0,30.2598,-82.6422,Residential,Wood,4
430,232605,FL,COLUMBIA COUNTY,0.0,180630.62,0.0,0.0,180630.62,222258.75,0,0.0,0,0,30.160645000000002,-82.708005,Residential,Wood,1
431,601984,FL,COLUMBIA COUNTY,0.0,124374.9,0.0,0.0,124374.9,178903.34,0,0.0,0,0,30.2598,-82.6422,Residential,Wood,4
432,459878,FL,COLUMBIA COUNTY,0.0,134464.05,0.0,0.0,134464.05,189045.7,0,0.0,0,0,30.201059000000004,-82.635643,Residential,Wood,1
433,565530,FL,COLUMBIA COUNTY,0.0,496159.61,0.0,0.0,496159.61,489018.88,0,0.0,0,0,30.201059000000004,-82.635643,Residential,Masonry,1
434,202651,FL,COLUMBIA COUNTY,0.0,2311064.6,0.0,0.0,2311064.6,2670204.04,0,0.0,0,0,30.201059000000004,-82.635643,Commercial,Reinforced Masonry,1
435,909104,FL,COLUMBIA COUNTY,0.0,72279.0,0.0,72279.0,72279.0,123617.33,0,0.0,0,0,30.2988,-82.6063,Residential,Wood,4
436,872719,FL,COLUMBIA COUNTY,0.0,22356.54,0.0,0.0,22356.54,22455.91,0,0.0,0,0,30.189365000000002,-82.63753,Residential,Wood,4
437,997611,FL,COLUMBIA COUNTY,0.0,16767.17,0.0,0.0,16767.17,21121.61,0,0.0,0,0,30.19182,-82.6585,Residential,Wood,4
438,519606,FL,COLUMBIA COUNTY,0.0,16767.17,0.0,0.0,16767.17,26327.41,0,0.0,0,0,30.197075,-82.63814,Residential,Wood,3
439,624248,FL,COLUMBIA COUNTY,0.0,396814.48,0.0,0.0,396814.48,433692.83,0,0.0,0,0,30.11852,-82.68968000000001,Residential,Masonry,4
440,783767,FL,COLUMBIA COUNTY,0.0,167668.04,0.0,0.0,167668.04,255938.56,0,0.0,0,0,30.189645000000002,-82.63638,Residential,Wood,3
441,285479,FL,COLUMBIA COUNTY,0.0,16767.17,0.0,0.0,16767.17,12877.19,0,0.0,0,0,30.201195000000002,-82.7174,Residential,Wood,3
442,424793,FL,COLUMBIA COUNTY,0.0,16767.17,0.0,0.0,16767.17,20170.81,0,0.0,0,0,30.183145,-82.636545,Residential,Wood,4
443,256213,FL,COLUMBIA COUNTY,0.0,22356.54,0.0,0.0,22356.54,24969.08,0,0.0,0,0,30.1799,-82.66905,Residential,Wood,3
444,155199,FL,COLUMBIA COUNTY,0.0,22356.54,0.0,0.0,22356.54,27389.44,0,0.0,0,0,30.188484999999996,-82.6921,Residential,Wood,4
445,830871,FL,COLUMBIA COUNTY,0.0,16767.17,0.0,0.0,16767.17,23608.18,0,0.0,0,0,30.2988,-82.6063,Residential,Wood,4
446,757768,FL,COLUMBIA COUNTY,0.0,16767.17,0.0,0.0,16767.17,14548.41,0,0.0,0,0,30.172620000000002,-82.66526999999999,Residential,Wood,3
447,176583,FL,COLUMBIA COUNTY,0.0,344852.16,0.0,0.0,344852.16,433818.5,0,0.0,0,0,30.2988,-82.6063,Residential,Wood,4
448,678864,FL,COLUMBIA COUNTY,0.0,68970.43,0.0,0.0,68970.43,96002.7,0,0.0,0,0,30.2988,-82.6063,Residential,Wood,4
449,854000,FL,COLUMBIA COUNTY,0.0,91960.58,0.0,0.0,91960.58,80292.62,0,0.0,0,0,30.18948,-82.61728000000001,Residential,Wood,3
450,631978,FL,COLUMBIA COUNTY,0.0,25748.96,0.0,0.0,25748.96,36460.53,0,0.0,0,0,30.2988,-82.6063,Residential,Wood,4
451,967058,FL,COLUMBIA COUNTY,0.0,25105.24,0.0,0.0,25105.24,30475.72,0,0.0,0,0,30.2988,-82.6063,Residential,Wood,4
452,878374,FL,COLUMBIA COUNTY,0.0,38623.44,0.0,0.0,38623.44,60957.06,0,0.0,0,0,30.2988,-82.6063,Residential,Wood,4
453,113053,FL,COLUMBIA COUNTY,0.0,9196.06,0.0,0.0,9196.06,7797.29,0,0.0,0,0,30.18883,-82.62323,Residential,Wood,4
454,288738,FL,COLUMBIA COUNTY,0.0,9196.06,0.0,0.0,9196.06,12297.35,0,0.0,0,0,30.195425,-82.636865,Residential,Wood,4
455,594369,FL,COLUMBIA COUNTY,0.0,38623.44,0.0,0.0,38623.44,42941.54,0,0.0,0,0,30.2988,-82.6063,Residential,Wood,4
456,706890,FL,COLUMBIA COUNTY,0.0,45980.29,0.0,0.0,45980.29,63408.66,0,0.0,0,0,30.2988,-82.6063,Residential,Wood,4
457,536032,FL,COLUMBIA COUNTY,0.0,137940.86,0.0,0.0,137940.86,213321.55,0,0.0,0,0,30.2988,-82.6063,Residential,Wood,4
458,747825,FL,COLUMBIA COUNTY,0.0,27944.98,0.0,0.0,27944.98,47665.19,0,0.0,0,0,30.2988,-82.6063,Residential,Wood,4
459,608124,FL,COLUMBIA COUNTY,0.0,22356.54,0.0,0.0,22356.54,37227.66,0,0.0,0,0,30.2988,-82.6063,Residential,Wood,4
460,934739,FL,COLUMBIA COUNTY,0.0,89423.38,0.0,0.0,89423.38,126691.92,0,0.0,0,0,30.2988,-82.6063,Residential,Wood,4
461,757078,FL,COLUMBIA COUNTY,0.0,16767.17,0.0,0.0,16767.17,16711.17,0,0.0,0,0,30.175568,-82.58820300000001,Residential,Wood,4
462,956518,FL,COLUMBIA COUNTY,0.0,12250.99,0.0,0.0,12250.99,17567.13,0,0.0,0,0,30.2988,-82.6063,Residential,Wood,4
463,548584,FL,COLUMBIA COUNTY,0.0,30686.32,0.0,0.0,30686.32,40211.36,0,0.0,0,0,30.2988,-82.6063,Residential,Wood,4
464,132904,FL,COLUMBIA COUNTY,0.0,59774.37,0.0,0.0,59774.37,50210.47,0,0.0,0,0,30.2988,-82.6063,Residential,Wood,4
465,111857,FL,COLUMBIA COUNTY,0.0,32186.2,0.0,0.0,32186.2,38484.4,0,0.0,0,0,30.2988,-82.6063,Residential,Wood,4
466,388383,FL,COLUMBIA COUNTY,0.0,11549.33,0.0,0.0,11549.33,16277.72,0,0.0,0,0,30.164820000000002,-82.64361,Residential,Wood,4
467,276410,FL,BRADFORD COUNTY,2070.0,2070.0,2070.0,2070.0,2070.0,1875.38,0,0.0,0,0,30.043814,-82.075211,Residential,Wood,1
468,546756,FL,BRADFORD COUNTY,0.0,42481.06,0.0,0.0,42481.06,44399.5,0,0.0,0,0,30.045353000000002,-82.073212,Residential,Wood,1
469,669229,FL,MADISON COUNTY,321053.4,321053.4,321053.4,321053.4,321053.4,518064.61,0,0.0,0,0,30.422401,-83.30024,Residential,Wood,1
470,766573,FL,MADISON COUNTY,132651.0,132651.0,132651.0,132651.0,132651.0,220996.57,0,0.0,0,0,30.416973,-83.30043,Residential,Wood,1
471,765578,FL,MADISON COUNTY,23400.0,23400.0,23400.0,23400.0,23400.0,18558.54,0,0.0,0,0,30.41388,-83.298165,Residential,Wood,3
472,166613,FL,MADISON COUNTY,0.0,0.0,0.0,0.0,5932213.89,9630000.0,0,0.0,0,0,30.3969,-83.2753,Commercial,Reinforced Masonry,4
473,883261,FL,MADISON COUNTY,977330.7,977330.7,0.0,0.0,977330.7,790445.52,0,0.0,0,0,30.3969,-83.2753,Residential,Masonry,4
474,842655,FL,MADISON COUNTY,0.0,1222262.42,0.0,0.0,1222262.42,1186037.01,0,0.0,0,0,30.423132,-83.306053,Residential,Masonry,1
475,248167,FL,SUWANNEE COUNTY,493833.6,493833.6,493833.6,493833.6,493833.6,694889.06,0,0.0,0,0,30.323061,-82.853531,Residential,Masonry,3
476,976562,FL,SUWANNEE COUNTY,305427.6,305427.6,0.0,0.0,305427.6,269112.26,0,0.0,0,0,30.377097999999997,-83.173874,Residential,Wood,1
477,620457,FL,SUWANNEE COUNTY,288279.0,288279.0,0.0,0.0,288279.0,264045.11,0,0.0,0,0,30.297314,-82.96032,Residential,Wood,3
478,336697,FL,SUWANNEE COUNTY,0.0,910695.68,0.0,0.0,910695.68,847083.59,0,0.0,0,0,30.244864,-82.873199,Residential,Masonry,3
479,648295,FL,SUWANNEE COUNTY,0.0,14066.75,0.0,0.0,14066.75,14922.01,0,0.0,0,0,30.2885,-83.0554,Residential,Wood,4
480,858080,FL,SUWANNEE COUNTY,0.0,7571.54,0.0,0.0,7571.54,6481.05,0,0.0,0,0,30.304321,-83.01203199999999,Residential,Wood,3
481,579910,FL,SUWANNEE COUNTY,0.0,702715.18,0.0,0.0,702715.18,644961.83,0,0.0,0,0,30.304321,-83.01203199999999,Residential,Masonry,3
482,735184,FL,SUWANNEE COUNTY,0.0,132894.53,0.0,0.0,132894.53,153444.94,0,0.0,0,0,30.242275,-82.864685,Residential,Wood,3
483,420445,FL,SUWANNEE COUNTY,0.0,14066.75,0.0,0.0,14066.75,18409.67,0,0.0,0,0,30.2885,-83.0554,Residential,Wood,4
484,373504,FL,SUWANNEE COUNTY,0.0,113441.57,0.0,0.0,113441.57,141507.02,0,0.0,0,0,30.296335,-83.0299,Residential,Wood,1
485,266080,FL,SUWANNEE COUNTY,0.0,123449.03,0.0,0.0,123449.03,205071.55,0,0.0,0,0,30.296746999999996,-82.97799300000001,Residential,Wood,3
486,178535,FL,SUWANNEE COUNTY,0.0,701414.94,0.0,0.0,701414.94,951909.86,0,0.0,0,0,30.2885,-83.0554,Residential,Masonry,4
487,574531,FL,BAKER COUNTY,67590.0,67590.0,67590.0,67590.0,67590.0,57465.83,0,0.0,0,0,30.283640000000002,-82.12209,Residential,Wood,3
488,606491,FL,BAKER COUNTY,14670.0,14670.0,14670.0,14670.0,14670.0,15491.3,0,0.0,0,0,30.283901,-82.12254300000001,Residential,Wood,3
489,885991,FL,BAKER COUNTY,0.0,1449866.88,0.0,0.0,1449866.88,1338076.34,0,0.0,0,0,30.285202,-82.105835,Residential,Masonry,1
490,908170,FL,BAKER COUNTY,0.0,1849.32,0.0,0.0,1849.32,1987.47,0,0.0,0,0,30.285202,-82.105835,Residential,Wood,1
491,487022,FL,BAKER COUNTY,0.0,372637.98,0.0,0.0,372637.98,295022.71,0,0.0,0,0,30.285202,-82.105835,Residential,Masonry,1
492,723719,FL,BAKER COUNTY,0.0,211747.14,0.0,0.0,211747.14,369024.45,0,0.0,0,0,30.285257,-82.139542,Residential,Wood,1
493,628922,FL,BAKER COUNTY,0.0,6472.62,0.0,0.0,6472.62,4657.86,0,0.0,0,0,30.285257,-82.139542,Residential,Wood,1
494,232316,FL,BAKER COUNTY,2476576.8,2476576.8,0.0,0.0,2476576.8,2011109.14,0,0.0,0,0,30.2763,-82.1278,Commercial,Reinforced Masonry,4
495,151933,FL,BAKER COUNTY,0.0,34713.82,0.0,0.0,34713.82,44497.57,0,0.0,0,0,30.306459999999998,-82.1309,Residential,Wood,1
496,225577,FL,BAKER COUNTY,0.0,17198.19,0.0,0.0,17198.19,19900.03,0,0.0,0,0,30.306459999999998,-82.1309,Residential,Wood,1
497,443296,FL,BAKER COUNTY,0.0,14453.8,0.0,0.0,14453.8,25187.77,0,0.0,0,0,30.288778000000004,-82.12518299999999,Residential,Wood,1
498,747464,FL,BAKER COUNTY,0.0,796867.35,0.0,0.0,796867.35,1238331.86,0,0.0,0,0,30.27934,-82.13954,Residential,Masonry,3
499,548566,FL,BAKER COUNTY,0.0,1125.2,0.0,0.0,1125.2,1040.28,0,0.0,0,0,30.288778000000004,-82.12518299999999,Residential,Wood,1
500,510281,FL,BAKER COUNTY,0.0,59097.75,0.0,0.0,59097.75,72289.55,0,0.0,0,0,30.27934,-82.13954,Residential,Wood,3
501,481334,FL,BAKER COUNTY,0.0,58547.04,0.0,0.0,58547.04,78757.48,0,0.0,0,0,30.285809999999998,-82.12991,Residential,Wood,1
502,621142,FL,BAKER COUNTY,0.0,2790.13,0.0,0.0,2790.13,3172.8,0,0.0,0,0,30.288778000000004,-82.12518299999999,Residential,Wood,1
503,907206,FL,BAKER COUNTY,0.0,12087.22,0.0,0.0,12087.22,12932.89,0,0.0,0,0,30.288778000000004,-82.12518299999999,Residential,Wood,1
504,963412,FL,BAKER COUNTY,0.0,5324.12,0.0,0.0,5324.12,3869.4,0,0.0,0,0,30.288778000000004,-82.12518299999999,Residential,Wood,1
505,561805,FL,BAKER COUNTY,0.0,1863.44,0.0,0.0,1863.44,3091.08,0,0.0,0,0,30.34208,-82.11369,Residential,Wood,4
506,177053,FL,BAKER COUNTY,0.0,75825.74,0.0,0.0,75825.74,118661.22,0,0.0,0,0,30.34208,-82.11369,Residential,Wood,4
507,888564,FL,BAKER COUNTY,0.0,228.7,0.0,0.0,228.7,263.6,0,0.0,0,0,30.284683,-82.13044000000001,Residential,Wood,3
508,399592,FL,BAKER COUNTY,0.0,3210.02,0.0,0.0,3210.02,2770.49,0,0.0,0,0,30.29615,-82.12523,Residential,Wood,4
509,616030,FL,BAKER COUNTY,0.0,5962.65,0.0,0.0,5962.65,9177.71,0,0.0,0,0,30.34208,-82.11369,Residential,Wood,4
510,671336,FL,BAKER COUNTY,0.0,910.22,0.0,0.0,910.22,1329.26,0,0.0,0,0,30.2763,-82.1278,Residential,Wood,3
511,914194,FL,BAKER COUNTY,0.0,910.22,0.0,0.0,910.22,1033.53,0,0.0,0,0,30.2763,-82.1278,Residential,Wood,3
512,632104,FL,BAKER COUNTY,0.0,9660.26,0.0,0.0,9660.26,9621.62,0,0.0,0,0,30.284683,-82.13044000000001,Residential,Wood,3
513,895447,FL,BAKER COUNTY,0.0,1585.34,0.0,0.0,1585.34,1968.83,0,0.0,0,0,30.284683,-82.13044000000001,Residential,Wood,3
514,969519,FL,BAKER COUNTY,0.0,11880.48,0.0,0.0,11880.48,13693.44,0,0.0,0,0,30.284683,-82.13044000000001,Residential,Wood,3
515,149119,FL,BAKER COUNTY,0.0,8370.4,0.0,0.0,8370.4,6178.61,0,0.0,0,0,30.284683,-82.13044000000001,Residential,Wood,3
516,804466,FL,BAKER COUNTY,0.0,48183.3,0.0,0.0,48183.3,65695.04,0,0.0,0,0,30.283884000000004,-82.117729,Residential,Wood,3
517,688199,FL,BAKER COUNTY,0.0,2706.89,0.0,0.0,2706.89,2759.65,0,0.0,0,0,30.283065999999998,-82.11853,Residential,Wood,1
518,977912,FL,BAKER COUNTY,0.0,4665.47,0.0,0.0,4665.47,5262.65,0,0.0,0,0,30.284683,-82.13044000000001,Residential,Wood,3
519,312530,FL,BAKER COUNTY,0.0,79587.39,0.0,0.0,79587.39,116057.51,0,0.0,0,0,30.284683,-82.13044000000001,Residential,Wood,3
520,154572,FL,BAKER COUNTY,0.0,19210.75,0.0,0.0,19210.75,33549.65,0,0.0,0,0,30.284683,-82.13044000000001,Residential,Wood,3
521,299157,FL,BAKER COUNTY,0.0,14453.8,0.0,0.0,14453.8,15369.13,0,0.0,0,0,30.284683,-82.13044000000001,Residential,Wood,3
522,358433,FL,BAKER COUNTY,0.0,631.21,0.0,0.0,631.21,659.24,0,0.0,0,0,30.2763,-82.1278,Residential,Wood,4
523,131991,FL,BAKER COUNTY,0.0,1209270.9,0.0,0.0,1209270.9,1100339.77,0,0.0,0,0,30.2763,-82.1278,Residential,Masonry,3
524,844614,FL,BAKER COUNTY,0.0,101097.02,0.0,0.0,101097.02,151485.4,0,0.0,0,0,30.2763,-82.1278,Residential,Wood,4
525,735501,FL,BAKER COUNTY,0.0,86949.68,0.0,0.0,86949.68,111810.33,0,0.0,0,0,30.28179,-82.123635,Residential,Wood,3
526,703956,FL,BAKER COUNTY,0.0,403517.2,0.0,0.0,403517.2,449453.6,0,0.0,0,0,30.284209999999998,-82.11887,Residential,Masonry,1
527,547680,FL,BAKER COUNTY,0.0,384.21,0.0,0.0,384.21,345.57,0,0.0,0,0,30.2763,-82.1278,Residential,Wood,4
